Date,Iran Khodro,S*Mobarakeh Steel,S*Isf. Oil Ref.Co.,Gol-E-Gohar.,S*F. & Kh. Cement,Rouz Darou P.,Pars Switch,Iran China Clay,S*IRI Marine Co.,I. Pegah Dairy,Int. Const.,S*Sabet Khorasan,Soufian Cement,S*Saipa,S*I. N. C. Ind.
20251022,526,2739,4865,2031,16900,9200,4992,20450,5580,8670,536,1975,142610,484,7870
20251021,518,2712,4762,1972,16920,9230,4977,20500,5430,8570,534,1918,139030,484,7820
20251020,529,2754,4645,2010,17010,9240,4968,20440,5460,8490,520,1884,135800,494,7800
20251019,517,2816,4721,2042,17220,9270,4960,20480,5580,8590,510,1906,131940,499,7920
20251018,517,2791,4649,2014,17180,9310,4949,20410,5630,8550,521,1898,128170,485,7740
20251015,502,2710,4514,1957,16750,9240,4920,20280,5470,8310,517,1843,124440,471,7520
20251014,490,2767,4643,2010,17100,8980,4887,20220,5610,8250,532,1803,125290,480,7660
20251013,476,2824,4751,2051,17310,8750,4876,20200,5720,8230,404,1793,126200,472,7810
20251012,476,2807,4711,2089,17120,8970,4858,20150,5580,8100,404,1742,127170,461,7860
20251011,476,2730,4576,2033,16630,9040,4815,19760,5020,7880,404,1693,126440,448,7660
20251008,476,2696,4470,2008,16190,9170,4811,19630,6070,7670,404,1678,126240,436,7710
20251007,464,2690,4598,1953,16480,9180,4805,19070,6070,7700,404,1691,129260,437,7500
20251006,452,2624,4521,1898,16480,9200,4797,18550,6070,7590,404,1668,126690,427,7290
20251005,445,2549,4418,1845,16480,9210,4796,18550,6070,7610,404,1704,127070,430,7080
20251004,433,2475,4290,1792,16010,9230,4808,18440,6070,7550,404,1661,123900,420,6880
20251001,421,2403,4166,1772,15550,9250,4812,17950,5900,7380,404,1613,120400,408,6680
20250930,427,2423,4069,1797,15920,9260,4841,17970,6050,7310,404,1629,123960,410,6530
20250929,419,2366,3951,1766,15870,9320,4841,17920,6200,7320,404,1633,124260,415,6340
20250928,407,2298,3836,1715,15410,9560,4824,17430,6020,7110,404,1586,120650,403,6160
20250927,396,2232,3725,1666,15240,9580,4809,17200,5850,6990,404,1540,117140,392,5990
20250924,392,2169,3617,1631,14820,9590,4806,16700,5700,6880,404,1499,114320,384,5840
20250923,402,2204,3562,1641,15210,9590,4817,17030,5840,6930,404,1514,117370,394,5840
20250922,402,2228,3476,1642,15280,9600,4818,17010,5980,6920,404,1509,115090,397,5860
20250921,391,2166,3375,1608,15190,9800,4817,16990,5920,6900,404,1476,111850,386,5700
20250920,403,2224,3448,1636,15650,9800,4844,17340,6100,7060,404,1517,114880,396,5720
20250917,415,2292,3554,1686,15960,9800,4910,17430,6190,7110,404,1534,118430,408,5890
20250916,426,2352,3613,1732,16380,9800,4988,17510,6290,7140,404,1580,121810,418,5980
20250915,437,2424,3724,1770,16800,9800,4990,17540,6430,7240,404,1609,124630,430,6150
20250914,429,2460,3797,1779,16420,9800,4992,17570,6470,7200,404,1646,124990,439,6210
20250913,417,2399,3700,1757,16040,9810,4990,17490,6290,7040,404,1602,121400,428,6050
20250909,423,2417,3613,1766,16140,9830,4990,17410,6290,6890,404,1564,118160,440,6040
20250908,412,2440,3510,1783,16280,9890,5020,17340,6130,6770,404,1565,117330,433,6080
20250907,400,2371,3408,1733,16020,9940,5020,17040,5960,6590,404,1520,114480,421,5910
20250906,393,2341,3313,1718,15700,9940,5040,16580,5940,6590,404,1487,114340,411,5800
20250903,397,2365,3219,1695,15340,9940,5070,16490,6080,6610,404,1482,115490,412,5660
20250902,386,2297,3126,1665,14920,9940,5070,16400,5910,6600,3693,1439,115000,400,5500
20250831,376,2231,3036,1648,14640,9960,5070,16220,5740,6590,3693,1415,112160,389,5340
20250830,367,2167,2949,1633,14520,9970,5070,16170,5600,6780,3693,1408,111020,378,5190
20250827,378,2119,3026,1638,14900,9970,5080,16610,5760,6800,3693,1451,114450,387,5290
20250826,375,2064,2997,1635,14930,9980,5080,16590,5630,6920,3650,1449,111440,380,5230
20250825,380,2070,3043,1664,15120,9980,5080,16590,5700,6930,3719,1468,113180,383,5310
20250823,386,2126,3123,1675,15330,9980,5080,16610,5770,6940,3805,1508,111290,390,5450
20250820,384,2146,3130,1678,15290,9980,5080,16210,5840,6950,3833,1508,108050,383,5440
20250819,383,2192,3175,1682,15530,9980,5080,16380,5860,7020,3864,1502,107990,385,5470
20250818,383,2246,3224,1685,15900,10070,5080,16130,5930,7030,3877,1498,109630,376,5520
20250817,383,2236,3139,1682,16020,10170,5120,15750,6020,7030,3895,1478,109280,366,5470
20250816,383,2175,3048,1663,15560,10220,5150,15300,5860,6990,3868,1448,106140,359,5320
20250813,383,2210,3053,1667,15820,10230,5150,15070,5930,7030,3909,1453,106900,359,5340
20250812,394,2278,3143,1686,15930,10230,5160,15530,5950,7070,3917,1492,110200,368,5500
20250811,402,2329,3180,1719,16240,10230,5180,15990,5990,7080,3970,1533,113120,373,5590
20250810,411,2386,3193,1725,16460,10230,5180,16450,6080,7080,4050,1555,113740,380,5650
20250809,417,2420,3209,1742,16620,10450,5180,16370,6110,6920,4053,1553,114260,382,5660
20250806,409,2430,3165,1754,16860,10450,5170,16420,6180,6900,4040,1532,111830,371,5640
20250805,413,2580,3204,1786,17170,10450,5150,16920,6290,6920,4039,1576,114010,367,5720
20250804,421,2860,3252,1840,17480,10450,5210,17260,6420,6960,4018,1573,111220,370,5770
20250803,417,2860,3244,1839,17940,10450,5230,17550,6570,6930,3973,1541,108880,364,5800
20250802,411,2860,3247,1843,18260,10770,5300,17850,6570,6940,4095,1527,111930,359,5800
20250730,423,2868,3257,1845,18560,10770,5390,18400,6760,7150,4099,1523,115390,368,5830
20250729,573,2956,3357,1902,18720,10770,5400,18530,6820,7210,4113,1529,118950,379,6010
20250728,573,3047,3450,1912,18860,10770,5420,18700,6840,7220,4115,1569,122040,390,6190
20250727,573,3109,3524,1950,19110,10770,5460,18860,6960,7440,4144,1613,125590,401,6380
20250726,573,3129,3553,1959,19550,10770,5470,19330,7100,7240,4102,1654,127880,413,6380
20250723,573,3143,3558,1962,21620,10770,5470,19880,7250,7030,4225,1674,127650,413,6750
20250722,573,3153,3450,1967,21620,10770,5480,20490,7330,6840,4247,1687,128490,413,6750
20250721,573,3203,3810,1877,21620,10770,5480,20550,7360,6720,4302,1679,124770,413,6750
20250720,573,3206,3810,1877,21620,10770,5480,21070,7330,6650,4289,1657,121140,413,6750
20250719,573,3173,3810,2295,21000,10800,5490,21060,7410,6650,4382,1682,117620,416,6650
20250716,573,3167,3797,2605,20590,10810,5480,21090,7450,6650,4311,1675,115450,416,6640
20250715,573,3145,3752,2133,20410,10870,5460,21020,7400,6640,4301,1663,113510,415,6600
20250714,573,3081,3691,2133,20270,10870,5580,20980,7360,6610,4407,1666,113150,413,6490
20250713,573,3081,3631,2133,19970,10880,5690,21000,7360,6560,4527,1661,113290,401,6370
20250712,573,3081,3546,2133,19570,11010,5690,20900,7480,6480,4666,1698,111660,399,6240
20250709,573,2997,3447,2089,19010,11210,5690,20850,7480,6460,4810,1715,108410,388,6060
20250708,573,3035,3446,2106,18860,11230,5690,21190,7710,6570,4820,1765,110370,395,5970
20250707,573,3126,3550,2134,19420,11270,5700,21650,7940,6620,4920,1783,109560,405,6110
20250702,573,3070,3491,2076,18980,11270,5710,21600,8100,6620,5070,1823,106380,395,5990
20250701,573,3100,3575,2118,19380,11610,5840,22200,8320,6750,5180,1867,109210,385,6040
20250630,573,3195,3685,2183,19540,11610,5840,22320,8490,6780,5180,1872,110940,396,6220
20250629,573,3293,3798,2250,19970,11940,6020,24620,8660,6980,5180,1929,112720,408,6220
20250628,573,3394,3915,2319,20580,12300,6070,24620,8660,7170,5290,1975,116200,483,6410
20250625,573,3498,4023,2376,21060,12480,6070,24620,8660,7310,5390,2036,119790,483,6600
20250624,573,3498,4023,2376,21060,12480,6070,24620,8660,7310,5390,2036,119790,483,6600
20250623,573,3498,4023,2376,21060,12480,6070,24620,8660,7310,5390,2036,119790,483,6600
20250622,573,3498,4023,2376,21060,12480,6070,24620,8660,7310,5390,2036,119790,483,6600
20250621,573,3498,4023,2376,21060,12480,6070,24620,8660,7310,5390,2036,119790,483,6600
20250618,573,3498,4023,2376,21060,12480,6070,24620,8660,7310,5390,2036,119790,483,6600
20250616,573,3498,4023,2376,21060,12480,6070,24620,8660,7310,5390,2036,119790,483,6600
20250615,573,3498,4023,2376,21060,12480,6070,24620,8660,7310,5390,2036,119790,483,6600
20250611,573,3498,4023,2376,21060,12480,6070,24620,12180,7310,5390,2036,119790,483,6600
20250610,573,3484,4000,2372,21090,12240,6070,23950,12180,7230,5490,2044,121310,483,6610
20250609,565,3481,3945,2377,21380,12120,6080,24260,12180,7260,5430,2071,120130,488,6620
20250608,576,3576,4019,2436,21850,11790,6110,24600,12180,7390,5380,2126,117340,502,6760
20250607,562,3572,4039,2431,22180,11480,6100,24560,12180,7430,5250,2180,118140,502,6790
20250603,578,3671,4135,2497,22620,11150,6140,25130,12180,7560,5400,2247,121090,517,6900
20250602,572,3752,4096,2555,22660,10830,6150,25150,12470,7620,5410,2312,121270,527,6950
20250601,556,3758,3985,2578,22190,10740,6160,25300,12510,7590,5390,2276,122130,514,6950
20250531,564,3839,4026,2537,22820,10710,6190,25300,12860,7600,5540,2245,125450,525,7020
20250528,573,3833,4070,2468,23510,10410,6170,25400,12980,7550,5580,2225,128090,528,7020
20250527,576,3874,4108,2466,24080,10120,6160,25400,12960,7700,5430,2254,124830,523,7060
20250526,579,3878,4086,2398,23390,10080,6170,25550,12630,7850,5300,2254,121220,526,6970
20250525,595,3838,4098,2399,22970,9910,6190,25520,12480,7990,5430,2313,120730,541,6850
20250524,610,3826,4220,2418,22330,9700,6340,25760,12850,7990,5540,2382,122140,548,6850
20250521,602,3733,4202,2402,21690,9630,6370,25740,12900,7880,5630,2421,118590,542,6700
20250520,619,3819,4323,2465,21390,9560,6500,25790,13290,7880,5800,2495,115970,557,6840
20250519,632,3906,4433,2515,21560,9450,6680,26190,13670,7960,5690,2503,118410,573,7010
20250518,648,3964,4374,2521,20960,9370,6790,26740,13940,7900,5690,2444,118060,590,7140
20250517,643,3949,4287,2546,20900,9290,6760,26980,14090,7900,5590,2373,121700,600,7190
20250514,658,4045,4388,2619,20330,9300,6580,27020,14030,7900,5590,2386,118800,609,7330
20250513,672,4055,4391,2550,19740,9310,6500,26930,13750,7930,5590,2318,115340,596,7370
20250512,680,4022,4264,2504,19170,9350,6390,26880,13920,7800,5440,2271,121350,579,7490
20250511,661,3905,4140,2432,18960,9350,6230,26670,13520,7580,5290,2271,121350,563,9720
20250510,680,3960,4022,2502,19480,9350,6070,26740,13930,7780,5380,2271,121350,563,9720
20250507,701,4081,4131,2576,20080,9450,6110,27050,14360,7570,5510,2332,124680,568,9720
20250506,702,3989,4013,2572,20580,9450,6040,27070,14070,7370,5390,2266,128040,356,9720
20250505,684,4019,3929,2636,21170,9450,5910,27140,13700,7420,5240,2234,131650,2952,9720
20250504,666,4034,3916,2686,21400,9450,5890,27110,13930,7430,5260,2178,134440,2952,9720
20250503,649,4143,4027,2611,21100,9460,5900,26430,14350,7390,5390,2133,130690,2952,9720
20250430,668,4271,4151,2580,21560,9330,5930,27090,14790,7580,5520,2188,131210,2952,9720
20250429,649,4254,4148,2505,20940,9260,5790,26870,14410,7360,5360,2125,127390,2952,9720
20250428,634,4205,4271,2433,20540,9160,5790,26790,14790,7180,5220,2065,123680,2952,9720
20250427,629,4303,4168,2376,19970,9200,5770,26470,14910,7100,5110,2007,120080,2952,9720
20250426,645,4435,4118,2429,19450,9210,5820,25920,15370,7270,5160,2033,116590,2952,9720
20250423,636,4389,4011,2360,19220,9230,5830,25920,15230,7070,5093,2033,113200,2952,9720
20250422,627,4310,3895,2320,18690,9260,5850,26060,14790,6910,5008,2033,110210,2952,9720
20250421,3868,4438,3809,2256,18510,9280,5970,25920,14360,6720,5136,2093,107070,2952,9720
20250420,3868,4351,3716,2191,18330,9270,5900,25170,13950,6530,5009,2044,103960,2952,9720
20250419,3868,4225,3608,2128,18190,9140,5740,24770,13550,6340,4864,1985,100940,2952,9720
20250416,3868,4131,3505,2115,17730,9170,5680,24090,13160,6160,4725,1942,98000,2952,9720
20250415,3868,4152,3496,2145,17220,9200,5600,23640,12780,6160,4594,1960,100810,2952,9720
20250414,3868,4272,3597,2209,16720,9210,5660,23100,12410,6140,4550,1994,103650,2952,10010
20250413,3868,4169,3510,2186,16340,9210,5500,22780,12050,5970,4427,1938,101380,2952,10060
20250412,3868,4048,3408,2123,16240,9220,5420,22120,11700,5800,4339,1882,98430,2952,9770
20250409,3868,4048,3465,2178,15990,9240,5340,22070,11360,5810,4288,1919,98200,2952,9730
20250408,3868,3994,3532,2231,15530,9250,5320,22140,11030,5850,4283,1887,99710,2952,9620
20250407,3868,3878,3430,2203,15530,9320,5250,21990,10710,5810,4160,1834,96810,2952,9340
20250406,3868,3952,3530,2263,15530,9320,5250,22000,10790,5840,4246,1874,96880,2952,9540
20250405,3868,4035,3634,2281,15530,9320,5100,21930,10930,5840,4289,1911,96110,2952,9820
20250330,3868,4086,3738,2327,15530,9330,5110,21950,10960,5840,4304,1908,93450,2952,10120
20250329,3868,3981,3652,2327,15530,9330,5130,21700,10920,5840,4391,1908,90750,2952,9840
20250326,3868,3866,3704,2327,15530,9330,5130,21890,10930,5840,4477,1920,88120,2952,9630
20250325,3868,3866,3650,2605,15530,9340,5130,21830,10890,5820,4513,1901,85560,2952,9350
20250318,3868,3866,4880,2605,15530,9350,5130,21620,10610,5810,4406,1847,83070,2952,9080
20250317,3868,3973,4880,2605,15530,9360,5140,21950,10900,5900,4504,1904,84700,2952,9250
20250316,3868,4025,4880,2605,15530,9360,5140,21950,11000,5920,4396,1936,84630,2952,9290
20250315,3914,4037,4880,2605,55210,9360,5120,21620,11090,6010,4268,1967,84140,2975,9050
20250312,3864,3922,4880,2598,55210,9400,5120,21170,10830,5910,4144,1910,82230,2965,8790
20250311,3982,5530,4850,2651,55210,9400,5120,20810,10730,5910,4241,1856,80730,3048,8630
20250310,4080,5530,4970,2659,55210,9400,5120,21270,10980,5930,4308,1864,81330,3137,8740
20250309,3974,5530,4950,2659,55210,9400,5140,21830,10760,6090,4432,1857,80140,3073,8560
20250308,4023,5530,5060,2659,55210,9400,5170,22500,10880,6160,4475,1914,82470,3065,8670
20250305,3959,5530,5190,2659,55210,9400,5190,22610,10670,6230,4540,1973,84960,3103,8790
20250304,3875,5570,5280,2659,55990,9400,5200,22820,10780,6350,4511,1996,86400,3112,8850
20250303,3780,5650,5180,2659,55860,9410,5240,23500,10870,6340,4462,2010,88420,3072,8920
20250302,3887,5820,5330,2659,57360,9420,5240,23680,11190,6390,4592,2071,91150,3167,9190
20250301,3780,5790,5230,2838,57170,9420,5240,23590,11100,6490,4695,2049,93590,3087,9250
20250226,3681,5760,5188,2838,56350,9430,5139,23240,11130,6510,4619,2080,94600,3011,9260
20250225,3574,5780,5103,2838,56420,9450,5139,23130,11280,6980,4753,2143,93370,2924,9100
20250224,3470,5640,4963,2838,56130,9480,4995,23010,11210,6980,4714,2105,91650,2839,8840
20250223,3396,5480,4821,2838,54570,9550,4887,22530,10890,6980,4584,2044,89020,2762,8590
20250222,3298,5360,4715,2838,54490,9560,4888,22460,10880,6980,4715,2031,89420,2683,8360
20250219,3366,5410,4810,2838,54250,9610,4890,22490,10930,7060,4860,1994,88900,2717,8370
20250218,3358,5420,4840,2845,54170,9650,4890,22490,10950,7010,5010,1994,88090,2715,8310
20250217,3362,5400,4790,2849,54050,9650,4970,23160,10950,7000,5120,1947,85730,2749,8110
20250216,3278,5320,4790,2830,53900,9650,5030,23590,10960,6980,5230,1891,83340,2725,7880
20250215,3377,5460,4930,2912,54910,9710,5080,24310,11270,7060,5260,1854,85150,2801,7960
20250211,3481,5610,5082,3002,56490,9710,5130,24800,11590,7250,5270,1908,87170,2887,8150
20250209,3515,5710,5074,3071,57470,9710,5190,25560,11920,7440,5320,1966,89160,2957,8230
20250205,3415,5600,4966,3078,57280,9730,5240,26270,12100,7480,5360,2010,89190,2889,8030
20250204,3415,5600,4845,3108,57360,9840,5250,27030,12160,7440,5400,2068,88100,2910,8010
20250203,3415,5560,4725,3091,57600,9860,5250,27050,12020,7440,5280,2053,86410,2831,7990
20250202,3387,5550,4697,3103,57750,9880,5260,27380,12020,7430,5330,2102,86100,2819,7980
20250201,3367,5540,4610,3101,57800,9910,5270,27180,11920,7500,5200,2152,85100,2797,7940
20250129,3447,5630,4733,3179,58070,9920,5300,26780,12160,7500,5318,2177,85390,2863,8040
20250127,3488,5660,4800,3220,57700,9930,5310,26440,12190,7510,5335,2218,84530,2883,8140
20250126,3513,5770,4882,3274,57590,9950,5320,25870,12290,7570,5216,2274,85290,2921,8200
20250125,3424,5850,4969,3354,56890,9970,5320,25160,12470,7520,5072,2325,83220,2854,8370
20250122,3479,5690,4868,3378,55790,10000,5330,24740,12410,7350,4925,2277,80840,2882,8370
20250121,3427,5530,4727,3308,54190,10010,5340,24180,12050,7270,4837,2217,78530,2831,8140
20250120,3453,5520,4670,3386,54300,10150,5360,24060,11840,7220,4699,2217,78110,2816,8150
20250119,3469,5670,4750,3482,54490,10170,5420,24560,11950,7340,4687,2253,79400,2896,8270
20250118,3532,5690,4747,3588,54370,10210,5470,24550,11930,7510,4821,2251,79970,2870,8370
20250115,3619,5830,4890,3619,55110,10270,5500,24430,12230,7620,4940,2319,81980,2948,8590
20250113,3645,5860,4890,3619,55820,10150,5520,24770,12070,7690,5080,2307,79880,2972,8450
20250112,3643,5790,4910,3619,55780,10090,5520,24970,11790,7480,5210,2354,78160,2962,8460
20250111,3752,5940,5060,3619,56930,9880,5550,25710,12100,7580,5360,2425,80220,3049,8570
20250108,3790,6090,5200,3699,57410,9830,5480,26480,12270,7700,5360,2469,80650,3052,8570
20250107,3790,6100,5190,3689,55760,9820,5380,26220,11960,7770,5360,2402,78320,2985,8430
20250106,3733,5990,5050,3631,54490,9770,5310,25610,11630,7580,5360,2333,76160,2910,8220
20250105,3748,6050,5190,3677,53040,9740,5200,25010,11770,7450,5240,2268,74300,2933,8240
20250104,3707,6020,5290,3624,52370,9620,5120,24360,11630,7570,5270,2241,72210,2950,8180
20250101,3619,5850,5150,3521,51560,9550,5030,23660,11300,7520,5170,2182,70110,2887,7950
20241231,3591,5780,5100,3496,50150,9620,5050,23030,11000,7390,5110,2187,68170,2895,7780
20241230,3684,5650,5050,3420,50130,9660,5040,22400,10730,7430,5110,2246,66340,2977,7580
20241229,3749,5800,5200,3516,50710,9670,5040,22590,11030,7390,5220,2311,65290,3059,7750
20241228,3823,5960,5360,3613,51740,9640,5040,23170,11350,7230,5260,2333,65020,3128,7960
20241225,3768,6120,5501,3713,52640,9670,5040,22610,11440,7030,5130,2268,64650,3068,8190
20241224,3674,6260,5357,3803,52870,9690,5050,21960,11720,6910,5170,2319,64600,2988,8410
20241223,3569,6100,5201,3709,52650,9820,5060,21660,11390,6860,5250,2282,62770,2914,8230
20241222,3480,6000,5056,3768,52340,9750,5060,21160,11130,6840,5100,2223,61060,2840,8080
20241221,3460,5890,4910,3847,50870,9860,5060,20600,11210,6860,5090,2236,60560,2900,7970
20241218,3360,5720,4767,3738,49910,9840,5050,20000,10890,6720,5030,2172,59110,2816,7740
20241217,3387,5650,4673,3659,49160,9880,5070,19470,11050,6880,4920,2224,58180,2893,7670
20241216,3483,5710,4611,3706,49200,9910,5110,19100,11300,7080,5040,2283,59720,2977,7710
20241215,3564,5560,4477,3612,47830,9900,5170,18560,11000,7220,5190,2247,61180,3056,7500
20241214,3557,5400,4347,3508,46860,9850,5190,18030,10680,7070,5260,2182,59770,3064,7290
20241211,3455,5250,4221,3406,46230,9820,5130,17510,10370,6870,5110,2182,58030,2976,7080
20241210,3401,5170,4133,3363,46030,9730,5150,17480,10130,6810,5170,2182,56450,2957,6930
20241209,3463,5100,4101,3381,46120,9760,5150,17930,9900,6960,5260,2182,54830,2989,6930
20241208,3364,4960,3982,3283,44780,9630,5040,17830,9620,6770,5110,2119,53290,2904,6730
20241207,3454,5040,4088,3350,44580,9580,5040,18320,9670,6880,5010,2080,52240,2932,6820
20241204,3553,5180,4201,3450,45560,9620,5050,18440,9940,7080,5117,2124,53810,3007,6990
20241203,3522,5180,4116,3492,45390,9530,5030,18420,10020,6940,4974,2072,54910,2924,7020
20241202,3436,5060,4002,3572,44160,9560,5050,18250,9860,6970,4830,2016,54850,2839,7000
20241201,3336,4920,3888,3469,42880,9510,5020,17740,9590,6790,4690,1974,53300,2757,6800
20241130,3319,5000,3943,3523,42480,9420,5070,17770,9540,6620,4557,2006,53380,2686,6890
20241127,3298,5056,4016,3559,42300,9160,5215,17740,9720,6460,4451,2044,54010,2723,6970
20241126,3218,5052,3945,3470,41240,9140,5163,17880,9650,6300,4529,2050,54820,2699,6990
20241125,3150,4969,3892,3397,40800,8930,5044,18090,9490,6130,4423,2052,54300,2657,6920
20241124,3060,4831,3781,3299,40060,8800,4982,17580,9220,6040,4295,1993,52790,2582,6720
20241123,2977,4704,3682,3203,39340,8650,4915,17080,8960,5870,4295,1937,51270,2520,6540
20241120,2920,4674,3676,3115,39180,8670,4809,17190,8790,5870,4240,1901,49890,2517,6520
20241119,2896,4759,3713,3122,39230,8690,4669,16990,8970,6020,4125,1901,49770,2529,6650
20241118,2719,4799,3613,3037,39300,8740,4601,16510,9170,5920,4185,1901,50560,2449,6780
20241117,2719,4681,3510,2953,38440,8750,4567,16030,9100,5870,4130,1851,49650,2449,6690
20241116,2641,4639,3411,2919,38200,8790,4649,15570,9270,5740,4242,1800,51020,2392,6710
20241113,2565,4507,3337,2835,37090,8750,4521,15330,9030,5680,4122,1758,49610,2323,6530
20241112,2495,4471,3260,2833,37130,8770,4525,15350,8860,5710,4055,1734,48600,2259,6530
20241111,2427,4476,3180,2895,37080,8860,4527,15340,8850,5730,4089,1688,48340,2195,6570
20241110,2357,4300,3088,2904,36040,8860,4521,15000,8610,5630,3980,1649,46950,2132,6410
20241109,2305,4300,3052,2848,35240,8850,4515,14780,8370,5470,3872,1640,45590,2132,6230
20241106,2248,4178,2976,2824,34550,8870,4516,14690,8130,5380,3761,1626,44280,2132,6050
20241105,2246,4204,2945,2820,34570,8900,4528,14690,8290,5420,3862,1598,44160,2132,6090
20241104,2182,4144,2982,2811,34400,8900,4542,14690,8260,5430,3803,1592,43330,2131,6000
20241103,2218,4166,3074,2814,34460,8900,4546,14710,8290,5430,3834,1640,43750,2181,6050
20241102,2252,4292,3107,2843,35210,8900,4549,15130,8540,5430,3873,1656,45060,2186,6210
20241030,2188,4199,3178,2886,35270,8930,4557,15190,8610,5470,3930,1690,45670,2140,6160
20241029,2161,4125,3241,2901,35330,8940,4558,15600,8520,5450,4002,1730,45610,2093,6050
20241028,2208,4127,3340,2923,35160,8960,4559,15790,8350,5370,4084,1747,44340,2135,5970
20241027,2146,4007,3245,2920,34630,9010,4557,15740,8110,5350,4206,1701,43050,2079,5800
20241026,2084,3891,3211,2868,34140,9040,4548,15310,7960,5320,4182,1683,41930,2045,5640
20241023,2047,3791,3139,2829,33840,9050,4581,14950,7790,5300,4307,1656,40710,2019,5530
20241022,2102,3856,3173,2845,34500,9050,4583,14950,7850,5290,4308,1692,41940,2081,5700
20241021,2159,3849,3271,2873,34810,9060,4586,15060,8030,5270,4308,1728,42760,2143,5760
20241020,2219,3838,3370,2879,34840,9060,4595,15080,7980,5400,4311,1741,44060,2209,5850
20241019,2252,3951,3410,2899,35430,9060,4602,15280,8220,5420,4318,1746,45340,2211,6020
20241016,2318,4062,3512,2941,35870,9070,4608,15420,8430,5510,4325,1759,46460,2217,6190
20241015,2379,4029,3573,3006,35770,9080,4608,15430,8190,5640,4332,1791,47220,2282,6170
20241014,2440,4115,3683,3027,35900,9080,4613,15790,8430,5710,4347,1846,48500,2289,6300
20241013,2507,4197,3787,3049,36050,9080,4623,15910,8670,5810,4362,1882,48780,2312,6380
20241012,2547,4170,3860,3088,35910,9080,4623,15750,8430,5940,4402,1923,48630,2349,6350
20241009,2526,4059,3872,3076,35100,9100,4620,15550,8200,6060,4467,1981,47270,2352,6260
20241008,2550,4059,3909,3082,34900,9100,4617,15510,8180,6060,4467,1983,46810,2366,6210
20241007,2574,4019,3947,3084,34750,9100,4631,15500,8160,6060,4471,1985,46350,2382,6150
20241006,2580,4035,3969,3060,34700,9100,4651,15590,8160,6100,4473,1986,46400,2406,6170
20241005,2580,4072,3974,3066,34720,9100,4651,15590,8240,6100,4473,1986,46440,2406,6220
20241002,2581,4113,3980,3078,35060,9110,4651,15590,9700,6110,4473,1986,46830,2406,6270
20241001,2584,4154,3989,3104,35390,9110,4652,15660,9700,6120,4473,1987,47300,2407,6330
20240930,2585,4193,4025,3115,35440,9110,4653,15700,9700,6120,4473,1987,47570,2418,6390
20240929,2608,4227,4065,3087,35330,9110,4658,15580,9740,6120,4475,1991,47200,2435,6410
20240928,2632,4269,4106,3068,35280,9120,4659,15730,9830,6120,4482,1993,47310,2456,6450
20240925,2633,4312,4126,3095,35480,9120,4660,15870,9840,6120,4482,1993,47560,2456,6510
20240924,2672,4332,4174,3005,35410,9020,4660,15860,9870,6260,4383,1976,46830,2494,6460
20240923,2610,4215,4064,2926,35130,8980,4663,15840,9600,6100,4256,1919,45540,2443,6300
20240922,2549,4176,4034,2928,35150,8930,4662,15430,9380,5930,4256,1868,45630,2405,6240
20240918,2582,4177,4050,2929,35080,8920,4658,15390,9640,5860,4256,1898,45510,2433,6200
20240917,2552,4172,4058,2931,35070,8900,4641,15360,9380,5790,4140,1891,45570,2426,6160
20240916,2483,4133,3992,2970,35100,8840,4590,15390,9130,5740,4055,1836,45440,2364,6090
20240915,2468,4136,3945,2974,35120,8790,4598,15370,8880,5730,4044,1849,45240,2350,6080
20240914,2527,4179,4034,2979,35260,8830,4606,15260,9130,5730,4163,1902,45430,2383,6100
20240911,2561,4242,4129,2983,35340,8870,4618,14820,9200,5710,4059,1914,45550,2413,6190
20240910,2535,4282,4164,2989,35360,8910,4635,14450,8960,5700,4002,1893,45420,2415,6240
20240909,2518,4333,4224,2993,35390,8930,4653,14590,8970,5660,3980,1874,45450,2411,6280
20240908,2448,4301,4141,3001,35560,9020,4711,14640,8710,5650,3880,1829,45450,2347,6320
20240907,2480,4386,4253,3022,35610,9030,4714,15090,8910,5690,3977,1777,46740,2374,6430
20240903,2455,4493,4301,3027,36100,9050,4731,15250,9150,5680,3972,1737,46650,2373,6590
20240901,2493,4566,4344,3029,36040,9060,4775,15290,9310,5680,3978,1730,47480,2360,6680
20240831,2498,4555,4294,3025,35890,9090,4776,15300,9150,5640,4022,1716,47940,2322,6690
20240828,2452,4471,4210,2990,35360,9220,4829,15000,8980,5550,3944,1706,47010,2288,6560
20240827,2419,4456,4133,2983,35210,9230,4836,15070,8810,5550,3872,1688,46330,2260,6570
20240826,2409,4446,4118,2976,34620,9230,4843,14780,8710,5500,3823,1717,45430,2238,6590
20240824,2402,4415,4092,2976,34380,9230,4847,14580,8550,5420,3824,1696,44550,2219,6520
20240821,2363,4346,4013,2975,34280,9230,4864,14320,8480,5430,3763,1677,43740,2186,6420
20240820,2344,4333,3965,2985,34090,9230,4865,14200,8400,5500,3754,1654,43040,2168,6400
20240819,2376,4360,4029,2992,34010,9230,4865,14100,8370,5520,3812,1685,42330,2173,6460
20240818,2347,4313,3969,3003,33650,9230,4866,13850,8210,5430,3780,1708,41530,2142,6490
20240817,2314,4229,3892,3002,33450,9240,4869,13640,8130,5380,3726,1675,40720,2134,6370
20240814,2289,4147,3849,2998,33360,9240,4879,13630,8110,5350,3653,1659,39930,2118,6250
20240813,2269,4106,3814,2999,33230,9240,4880,13540,8090,5350,3628,1650,39760,2103,6190
20240812,2288,4142,3852,3002,33370,9240,4880,13530,8110,5390,3628,1665,39890,2121,6240
20240811,2307,4165,3889,3006,33310,9240,4881,13460,8080,5390,3628,1650,40060,2133,6270
20240810,2321,4167,3916,3008,33030,9240,4882,13450,8070,5400,3621,1646,39800,2134,6280
20240806,2308,4169,3908,3007,32880,9260,4921,13440,8030,5410,3652,1640,39600,2124,6300
20240805,2331,4175,3939,3008,32830,9260,4922,13570,8050,5420,3655,1656,39630,2130,6300
20240804,2354,4164,3964,3015,32730,9260,4924,13700,8070,5470,3664,1669,39880,2140,6290
20240803,2373,4175,3976,3019,32620,9260,5034,13780,8060,5470,3665,1685,39570,2159,6310
20240731,2520,4321,4183,3115,34290,9300,5034,14050,8510,5650,3895,1791,41270,2292,6520
20240730,2661,4479,4375,3220,34590,9320,5034,14490,8770,5980,4141,1904,42440,2412,6750
20240729,2709,4511,4425,3246,34620,9410,5034,14610,8790,6060,4074,1999,42430,2433,6820
20240727,2745,4589,4567,3330,34830,9520,5075,14790,8980,6320,4102,2086,42820,2452,7010
20240724,2755,4680,4629,3405,34750,9720,4800,14730,8990,6090,4121,2110,42730,2458,7180
20240723,2768,4711,4648,3460,34700,9800,4555,14640,8990,6000,4149,2133,42350,2474,7320
20240722,2762,4738,4530,3463,34450,9810,4329,14520,8910,5960,4084,2120,40430,2467,7690
20240721,2821,5200,4561,3467,34260,9810,4338,14470,8820,5990,4059,2132,40270,2478,7690
20240720,2821,5200,5600,3492,33950,9810,4346,14510,8970,6150,4057,2211,39720,2478,7690
20240717,2821,5200,5600,3500,33940,9810,4356,14570,9100,6200,4210,2223,37500,2478,7690
20240714,2827,5200,5600,3512,33820,9810,4375,14720,8950,6290,4103,2196,37640,2480,7690
20240713,2811,5220,5590,3528,33750,9950,4406,14850,9040,6340,3890,2181,37460,2480,7690
20240710,2879,5245,5640,3569,32930,9970,4432,14910,9030,6360,3913,2298,37530,2560,7690
20240709,2952,5285,5730,3582,31990,10010,4448,14930,8940,6390,4026,2306,37740,2631,7690
20240708,3030,5305,5810,3596,30940,10020,4487,14720,9090,6410,4156,2352,38160,2674,7710
20240707,3067,5351,5850,3616,37290,10030,4545,14870,9550,6470,4271,2327,38840,2737,7710
20240706,2945,5279,5770,3617,37290,10030,4554,14110,9160,6530,4238,2197,36660,2658,7700
20240703,2779,4981,5450,3413,37290,9760,4554,13370,8650,6170,3999,2150,35850,2508,7270
20240702,2780,4894,5430,3410,37290,9790,4554,13310,8210,6170,4077,2129,34980,2499,7210
20240701,2710,4831,5320,3642,37060,9780,4641,13070,7910,6170,4004,2084,35010,2459,7150
20240630,2698,4820,5300,4022,37090,9950,4699,13050,7610,6190,3850,2119,34740,2458,7120
20240629,2808,4876,5390,3746,37020,10010,4779,13090,7680,6260,4091,2241,33500,2549,7180
20240626,2828,4875,5370,3746,34940,10270,4797,12990,7250,6250,4046,2177,31610,2500,7150
20240624,2774,4781,5270,3746,34900,10300,4805,12920,7200,6190,3987,2147,31560,2461,7010
20240623,2736,4724,5200,3746,34810,10310,4812,12870,7170,6200,3910,2124,31460,2422,6930
20240622,2744,4712,5200,3683,34450,10320,4817,12840,7170,6210,3837,2165,30900,2427,6890
20240619,2770,4698,5220,3671,34220,10330,4821,12690,7120,6210,3763,2201,30300,2419,6860
20240618,2750,4623,5150,4022,33910,10330,4857,12680,7070,6190,3738,2243,29840,2388,6820
20240616,2805,4702,5170,4022,33260,10330,4862,12630,7120,6240,3814,2243,29640,2432,6910
20240615,2862,4796,5270,4022,33340,10330,4883,12580,7140,6320,3840,2288,29880,2466,7010
20240612,2883,4878,5360,4022,33340,10380,4894,14410,7150,6340,3901,2296,30070,2503,7120
20240611,2904,4906,5400,4022,32730,10380,4887,14410,7170,6420,3976,2319,29880,2499,7150
20240610,2885,4919,5310,4034,32090,10380,4873,14410,7080,6450,4016,2341,29340,2475,7160
20240609,2829,4824,5210,4047,31880,10400,4883,14410,7030,6460,3947,2304,28770,2427,7040
20240608,2822,4779,5210,4066,31960,10480,4888,14160,7040,6550,4027,2350,28780,2398,6980
20240605,2876,4874,5310,4084,32340,10480,4890,14400,7180,6620,4062,2372,29170,2442,7120
20240602,2821,4889,5350,4101,32860,10490,4892,14180,7210,6660,4141,2415,29710,2396,7140
20240601,2817,4894,5420,4114,32910,10560,4899,14310,7280,6690,4184,2462,29750,2378,7140
20240529,2766,4803,5350,4120,32900,10640,4910,14250,7360,6720,4260,2506,29370,2342,7010
20240528,2713,4724,5250,4101,32710,10680,4912,14020,7250,6730,4196,2466,29210,2313,6910
20240527,2664,4633,5200,4104,32580,10710,4939,13830,7310,6780,4263,2421,28840,2269,6780
20240526,2716,4713,5300,4131,32830,10710,4939,13930,7380,6810,4349,2464,29300,2313,6870
20240525,2748,4802,5400,4143,32970,10710,4967,14130,7470,6810,4395,2472,29540,2340,6970
20240521,2781,4890,5510,4160,33280,10710,5000,14210,7580,6870,4428,2472,30020,2373,7020
20240520,2739,4840,5510,4167,33310,10800,5020,14220,7620,6900,4394,2472,30000,2332,6900
20240519,2739,4840,5510,4167,33310,10800,5020,14220,7620,6900,4394,2472,30000,2332,6900
20240518,2871,5020,5510,4195,35650,10940,5120,14720,7790,7050,4397,2593,31340,2433,7140
20240515,2831,5010,5480,4204,35790,10980,5150,14760,7840,7060,4188,2550,31590,2439,6990
20240514,2865,5010,5510,4207,35920,11010,5190,14850,7890,7060,3989,2591,31930,2462,6930
20240513,2838,4940,5480,4230,36500,11110,5440,14900,7910,6960,3835,2632,32540,2460,6810
20240512,2945,5010,5610,4273,37030,11220,5320,15020,8180,7090,3991,2673,33670,2553,7010
20240511,2974,5010,5670,4290,37570,11160,5040,15090,8250,7120,4085,2728,39270,2602,7090
20240508,3023,5050,5710,4323,37810,11110,5390,15220,8230,7360,4110,2705,39270,2660,7090
20240507,3077,5090,5790,4337,37900,11020,5250,15270,8190,7290,4112,2730,39270,2704,7180
20240506,3095,5090,5790,4357,37950,11030,5040,15300,8190,7460,4159,2832,38920,2749,7190
20240505,3126,5170,5880,4370,37870,11050,5130,15360,8230,7560,4222,2930,38560,2799,7390
20240501,3121,5190,5890,4388,37830,10930,5424,15390,8230,7680,4160,2972,38390,2814,7520
20240430,3108,5210,5880,4414,37770,10870,5811,15430,8240,7660,4208,2874,37980,2807,7670
20240429,3158,5270,5940,4429,37860,11310,5811,15540,8320,7720,4243,2918,37830,2860,7700
20240428,3104,5330,5940,4462,37870,11420,5811,15570,8090,7700,4308,2940,37820,2758,7760
20240427,3150,5410,6080,4507,37890,11730,5811,15590,7810,7780,4385,3037,37860,2811,7880
20240424,3148,5410,6130,4516,37900,11450,5811,15580,7810,7840,4517,3091,37760,2803,7750
20240423,3148,5430,6130,4551,37960,11070,5811,15440,7810,7670,4521,3073,37470,2810,7730
20240422,3147,5550,6250,4554,37990,10750,5811,15410,11160,7290,4609,2932,37550,2816,7890
20240421,3166,5580,6290,4550,38020,10690,5531,15120,11160,7300,4527,2937,37530,2832,7840
20240420,3155,5410,6130,4544,38040,10650,5182,15010,11160,7180,4334,2935,38620,2802,7650
20240417,2966,5070,5740,4461,37300,10580,4925,14490,11160,6890,4139,2802,38820,2672,7150
20240416,2947,5020,5690,4470,37330,10590,4920,14390,11130,6850,4109,2776,38530,2663,7080
20240415,2975,5000,5690,4470,37360,10690,4923,14470,11240,7330,4146,2804,38770,2688,7040
20240414,2946,4980,5660,4436,37080,10730,4906,14380,11190,7330,4119,2777,38400,2662,6980
20240413,2957,5030,5700,4442,37340,10730,4942,14520,11210,7330,4137,2802,38780,2664,7050
20240409,3106,5160,5990,4528,38380,10730,4992,15500,11890,7830,4342,2802,39910,2794,7190
20240408,3086,5090,5950,4517,38330,10820,4938,15530,11930,7740,4270,2801,39490,2790,7140
20240407,3041,5070,5820,4494,38280,10830,4855,15640,11850,7520,4185,2711,39140,2753,7050
20240406,3053,5070,5800,4488,38330,10870,4866,15850,11950,7630,4266,2741,39110,2760,7050
20240403,3149,5080,5860,4486,38450,11080,4906,15980,12290,8030,4389,2842,39760,2845,7000
20240402,3137,5050,5790,4470,38020,11120,4908,16030,12360,8130,4399,2861,39870,2844,6850
20240330,3178,5090,5890,4516,37470,11170,4912,16160,12530,8420,4564,2988,40110,2877,6880
20240327,3221,5110,5870,4523,36780,11060,4913,16180,12530,8590,4570,3029,40040,2901,6950
20240326,3268,5110,5830,4529,36670,10990,4912,16250,12600,8680,4543,2957,40220,2877,6930
20240325,3341,5166,5900,4511,36410,10970,4911,16210,12680,8650,4623,3001,39610,2866,6980
20240324,3327,5168,5870,4499,35650,10950,4902,16070,12440,8200,4630,3011,38980,2741,6990
20240318,3229,4976,5660,4420,34960,10890,4840,15980,12130,7800,4520,2954,38040,2660,6840
20240317,3179,4826,5470,4420,34340,11030,4840,15210,11890,7840,4438,2896,37320,2640,6560
20240316,3108,4683,5460,4420,34180,11040,4850,15210,11830,7960,4422,2871,37030,2623,6430
20240313,3148,4734,5510,4420,34600,10970,4860,15220,11820,7670,4517,2920,37190,2643,6200
20240312,3175,4794,5670,4420,34730,10920,4860,15250,12000,7700,4511,3063,37210,2702,6160
20240311,3091,4790,5650,5090,34740,10850,4890,15310,11990,14290,4493,3020,37270,2693,6100
20240310,2972,4820,5580,5090,34960,10850,5170,15370,11960,14290,4632,2902,37270,2592,6060
20240309,2896,4858,5630,5090,34950,10920,5090,15430,12020,14290,4795,2973,36650,2564,6030
20240306,2906,4895,5688,5090,35030,10860,5127,15490,12170,14290,4705,2835,36360,2577,6010
20240305,2932,4947,5701,5090,35120,11080,5145,15560,12460,14520,4600,2706,36470,2600,6030
20240304,2838,4820,5332,5100,34900,11180,5226,15560,12390,14720,4577,2624,36220,2545,5980
20240303,2718,4890,5315,5120,34830,11230,4919,15640,12710,15150,4744,2686,36430,2487,6010
20240302,2589,4667,4975,5080,34230,11210,4932,15360,11970,14360,4769,2650,35540,2369,5600
20240228,2481,4466,4731,5020,33920,11000,4950,15290,11380,14130,4793,2554,35100,2268,5600
20240227,2436,4393,4681,4954,33910,11020,4950,15140,11350,13970,4577,2524,34620,2257,5610
20240226,2469,5930,4711,4940,33980,11020,4980,15150,11360,14110,4661,2490,34850,2272,5610
20240224,2540,5930,7700,4955,34350,11380,4990,15180,11720,14550,4890,2542,35400,2344,5610
20240221,2611,5930,7700,4941,34590,11490,5130,15220,11850,14540,4820,2599,35420,2386,5610
20240220,2633,5930,7700,4936,34440,12000,5140,15250,11870,14680,4960,2613,35600,2396,7290
20240219,2623,5930,7700,4916,33780,12080,5160,15400,11800,15020,5180,2548,35020,2384,7290
20240218,2621,5910,7700,4906,33350,12040,5130,15470,11730,14900,4980,2504,34190,2367,7290
20240217,2623,5880,7640,4899,33420,12130,5170,15610,11660,14980,5210,2489,34110,2333,7290
20240214,2623,5970,7800,4913,34140,11930,5210,15720,11950,15230,5470,2486,34240,2369,7290
20240213,2623,6000,7890,4948,34890,11370,5330,16250,12050,14980,5730,2514,34260,2412,7290
20240212,2623,5990,7820,4982,35200,10990,5290,16300,12080,14720,5730,2538,33940,2396,7290
20240210,2623,5990,7890,4969,35610,11450,5270,16870,12280,14990,5950,2573,34210,2419,7290
20240207,2623,5990,7760,4960,35770,11450,5322,17010,12290,14870,5750,2590,34150,2425,7250
20240206,2623,5990,7760,4930,35890,11300,5343,17010,12260,15100,5520,2618,34120,2403,7250
20240205,2623,6000,7780,4920,36060,11540,5381,17180,12280,14940,5600,2631,33990,2419,7280
20240204,2623,6050,7740,4950,36350,11520,5366,17350,12130,14500,5640,2580,34020,2418,7350
20240203,2649,6120,7850,5020,36540,11750,5111,17650,12230,14290,5430,2554,34350,2424,7390
20240131,2612,6110,7800,5070,36560,11360,4868,17670,12040,14050,5192,2457,34440,2366,7390
20240130,2612,6140,7760,5080,36890,11380,4668,17570,11930,14340,5038,2477,34350,2362,7400
20240129,2662,6150,7890,5110,36980,11560,4690,17630,12160,14980,4948,2545,34430,2396,7400
20240128,2664,6190,7990,5130,36990,12090,4699,17760,12240,15120,4785,2605,34500,2405,7420
20240127,2668,6190,8030,5150,36970,12090,4721,17400,12280,14800,4563,2500,34390,2403,7430
20240124,2655,6180,8030,5150,36970,12100,4728,17380,12420,14800,4602,2466,34450,2396,7400
20240123,2618,6150,7990,5160,36950,12440,4739,16810,12070,14590,4599,2460,34820,2370,7360
20240122,2700,6220,8590,5210,37210,13080,4782,17600,12340,15090,4650,2550,36040,2404,7420
20240121,2755,6230,8590,5260,37490,13660,4812,17020,12610,15360,4456,2536,36430,2408,7420
20240120,2822,6240,8590,5290,37630,14330,4865,17780,12430,16110,4711,2592,35740,2458,7430
20240117,2887,6240,8590,5310,37500,14570,4882,17930,12680,16700,4711,2725,34040,2485,7460
20240116,2874,6270,8590,5320,37710,14160,4894,17650,12960,17090,4711,2725,33900,2469,7490
20240115,2930,6320,8640,5290,37870,14120,4914,17110,13060,16430,4876,2725,34010,2498,7520
20240114,2990,6340,8730,5240,37890,13880,4921,17130,12800,16990,4709,2753,33900,2527,7530
20240113,2971,6310,8570,5220,37830,14350,4931,17340,12210,17100,4666,2739,33660,2493,7510
20240110,2908,6260,8440,5270,37860,13980,4938,17790,12170,17060,4710,2712,33370,2484,7400
20240109,2835,6230,8350,5300,38040,13660,4940,17400,12020,17060,4677,2714,32990,2450,7340
20240108,2829,6190,8320,5320,38020,13810,4939,16830,12120,17060,4748,2744,32870,2458,7290
20240107,2864,6200,8240,5350,37950,13350,4928,16780,12180,17540,4657,2781,32730,2495,7300
20240106,2851,6180,8220,5370,37820,12920,4944,15990,12100,17710,4686,2749,32500,2498,7310
20240103,2755,6160,8230,5380,37780,12520,4970,15390,12150,17480,4770,2752,32380,2443,7320
20240102,2732,6160,8300,5410,37740,11950,4980,15350,12060,17710,4755,2756,32370,2430,7350
20240101,2744,6200,8380,5440,37930,11390,4990,15360,12310,18160,4643,2737,32440,2457,7400
20231231,2761,6230,8480,5440,38010,11030,5010,15390,12480,17600,4441,2804,32460,2504,7440
20231230,2748,6280,8550,5530,37900,11180,5010,15450,12660,16490,4541,2773,32630,2519,7490
20231227,2724,6220,8570,5540,37650,11150,5010,15530,12590,15500,4464,2701,32500,2509,7490
20231226,2736,6210,8550,5570,37520,10730,5000,15560,12540,15420,4432,2721,33190,2486,7490
20231225,2772,6270,8620,5690,37650,11220,5000,15600,12830,15820,4530,2800,33350,2545,7590
20231224,2792,6300,8620,5750,37620,11280,5030,15670,13020,16170,4601,2862,33670,2574,7640
20231223,2821,6350,8700,5800,37810,11780,5040,15740,12870,16350,4543,2835,33470,2598,7700
20231220,2812,6370,8760,5820,37880,11960,5030,15760,13070,16700,4658,2846,33440,2596,7750
20231219,2822,6390,8730,5840,37810,11980,5010,15800,13330,16420,4746,2948,33160,2615,7730
20231218,2839,6310,8660,5870,38790,12110,5020,15630,13630,16760,4889,2916,33220,2636,7660
20231216,2771,6140,8540,5890,38930,12380,5020,15460,13530,16580,5012,2825,32690,2598,7500
20231213,2769,6070,8570,5910,38940,12110,5020,15410,12970,17060,4904,2850,32380,2607,7480
20231212,2813,6080,8650,5910,39060,12130,5060,15400,13010,16880,4761,2865,32270,2663,7480
20231211,2814,6090,8710,5920,39670,12010,5060,15430,13300,16300,4832,2839,32630,2682,7490
20231210,2805,6100,8720,5920,39760,12540,5070,15580,13050,16850,4626,2841,32350,2644,7500
20231209,2812,6090,8780,5930,39890,12720,5080,15550,12510,17450,4745,2861,32150,2645,7510
20231206,2877,6170,8840,5960,40060,12500,5090,15580,12890,18010,4922,2831,32210,2687,7540
20231205,2903,6230,8850,5930,39940,11960,5090,15640,13120,18980,4705,2876,31970,2729,7580
20231204,2788,6260,8860,5860,40520,11450,5100,15550,12620,18320,4750,2882,32000,2638,7600
20231203,2756,5910,8600,5830,39960,11040,5050,15110,12040,17190,4742,2882,31460,2614,7480
20231202,2725,5610,8500,5810,39480,11180,5040,14460,11560,17590,4811,2830,31660,2612,7130
20231129,2652,5480,8340,5780,36950,11080,5050,14270,11020,16580,4607,2778,31380,2568,7020
20231128,2570,5320,8260,5730,36110,11230,5000,14210,10520,16010,4397,2715,31080,2497,6930
20231127,2567,5310,8240,5710,36100,11340,5000,14210,10400,16580,4455,2748,31000,2495,6950
20231126,2583,5310,8260,5690,36260,10880,5020,14200,10510,15850,4597,2806,29960,2496,6920
20231125,2592,5320,8240,5660,36120,10640,5030,14150,10380,15440,4474,2809,29920,2475,6920
20231122,2599,5340,8280,5680,36110,11110,5022,14200,10420,15470,4261,2686,29690,2457,6930
20231121,2602,5330,8220,5680,36080,11550,5102,14430,10490,14510,4059,2667,29620,2438,6920
20231120,2594,5350,8180,5700,36030,11550,5190,14780,10550,13600,3890,2650,29870,2427,6920
20231119,2638,5380,8190,5740,36080,11550,5145,14990,10850,13690,4042,2650,30260,2440,6930
20231118,2611,5410,8190,5740,36140,11960,4962,15080,10900,13750,4093,2650,30100,2401,6940
20231115,2592,5490,8320,5800,36200,12230,4980,15190,11120,13860,4171,2680,29880,2375,6970
20231114,2622,5540,8360,5840,36110,12200,5110,14860,10880,13970,4278,2678,29340,2378,7000
20231113,2660,5600,8450,5890,36150,12240,5170,14870,10480,14170,4229,2736,29340,2394,7030
20231112,2626,5620,8440,5940,36150,12400,5270,14910,10430,14040,4105,2723,29230,2348,7050
20231111,2622,5640,8480,5980,36190,12400,5250,14920,10490,14250,4093,2689,29380,2337,7090
20231108,2628,5660,8520,6000,35900,12400,5140,14830,10490,14350,3903,2690,29370,2359,7110
20231107,2605,5660,8600,6010,35210,12400,5150,14820,10290,14470,3906,2660,29350,2360,7070
20231106,2501,5540,8560,6000,34630,12400,5230,14600,9960,14460,3874,2537,29050,2273,7010
20231105,2464,5530,8410,5960,34380,12990,5170,14590,9880,14040,3865,2509,28950,2249,7020
20231104,2427,5510,8330,5890,33970,12510,5150,14190,9780,13300,3928,2502,28370,2195,6990
20231101,2319,5350,8130,5780,32630,12080,5340,14130,9500,12840,3745,2413,27980,2091,6890
20231031,2396,5360,8160,5750,32580,11900,5610,14790,9920,13130,3573,2527,28130,2148,6910
20231030,2425,5350,8180,5670,32520,11730,5610,14960,9990,12820,3413,2548,28130,2177,6910
20231029,2326,5230,8030,5610,32400,11630,5380,14950,9820,12590,3318,2484,27920,2127,6880
20231028,2326,5200,7860,5610,32260,11500,5180,14990,9810,12540,3298,2390,27670,2133,6830
20231025,2446,5350,8180,5690,32520,11500,5414,15720,10260,13350,3469,2515,28500,2187,6930
20231024,2443,5320,8110,5690,32240,11500,5172,15730,10770,13440,3458,2508,28070,2164,6920
20231023,2554,5390,8180,5760,32210,23000,5187,15840,11330,14220,3611,2627,28210,2258,6970
20231022,2645,5370,8340,5860,32040,23000,4968,16020,11330,14300,3475,2651,27430,2313,7000
20231021,2644,5210,8150,5860,31890,23000,4818,16020,11330,14180,3343,2545,27000,2308,6980
20231018,2599,5230,8160,5830,31880,23000,4854,16020,11330,14160,3295,2436,26960,2247,6990
20231017,2677,5240,8200,5810,31880,23000,5106,16030,11330,14830,3426,2534,27080,2301,7000
20231016,2659,5240,7950,5690,31810,22720,5203,16020,11330,14760,3391,2522,26740,2269,6990
20231015,2566,5180,7760,5660,31650,23430,5436,15990,11330,14690,3324,2403,26550,2191,6970
20231014,2572,5140,7730,5660,31500,23670,5209,15990,11330,15000,3295,2460,26700,2198,6960
20231011,2669,5220,7860,5730,31010,23680,4999,16040,11330,15490,3388,2581,26960,2285,7000
20231010,2645,5240,7750,5730,30890,23670,4834,16040,11330,15130,3389,2596,26850,2266,6990
20231009,2623,5230,7590,5760,30890,24240,4624,15910,11330,15450,3331,2577,26670,2236,6980
20231008,2630,5130,7470,5780,30890,24250,4459,16010,11330,16050,3332,2683,26900,2246,6920
20231007,2765,5290,7800,5870,32140,25510,4275,16430,11330,17140,3501,2819,27740,2364,6990
20231004,2825,5300,8150,5880,32260,25540,4121,16400,13660,17710,3650,2811,27810,2426,7000
20231002,2784,5300,8170,5890,32270,25320,4124,16350,13660,17800,3632,2764,27780,2391,7000
20231001,2765,5310,8180,5910,32280,25860,4251,16180,13660,18480,3524,2764,27780,2388,7010
20230930,2826,5410,8320,5950,32470,26250,4297,16160,13550,17940,3562,2859,28250,2430,7080
20230927,2855,5500,8430,5970,32870,26440,4303,16230,13670,16840,3595,2912,28660,2436,7210
20230926,2881,5520,8390,6050,33120,26950,4302,16260,13490,16010,3578,2923,28670,2431,7230
20230925,2918,5540,8390,6120,33420,26960,4302,16320,13430,16060,3615,2923,28690,2425,7280
20230923,2998,5590,8550,6190,34460,26980,4311,16330,13800,15900,3661,2963,28890,2470,7390
20230920,3010,5590,8640,6230,34480,27020,4312,16370,13210,15870,3657,2974,28940,2459,7410
20230919,3013,5600,8780,6270,34490,26990,4314,16380,12930,16220,3728,3054,29120,2475,7430
20230918,3037,5570,8850,6280,34440,27140,4314,16390,13080,16260,3758,3010,29210,2507,7390
20230917,3044,5570,8890,6290,34370,27110,4329,16430,13050,16280,3711,2871,29210,2529,7400
20230913,3018,5560,8600,6300,34270,27100,4333,16450,13150,16230,3702,2753,29100,2522,7410
20230912,3030,5560,8460,6300,34220,27140,4343,16480,13300,16350,3722,2731,29190,2494,7370
20230911,2971,5550,8450,6300,33910,27160,4343,16470,13260,16400,3689,2723,29200,2450,7370
20230910,2932,5570,8450,6300,33880,27170,4347,16480,13260,16580,3716,2725,29150,2444,7410
20230909,2943,5610,8520,6310,33880,27170,4352,16490,13410,16900,3659,2821,29260,2454,7430
20230905,3047,5680,8630,6310,33940,27290,4348,16520,13750,17170,3820,2952,29530,2552,7510
20230904,2936,5670,8590,6290,33790,27230,4335,16480,13660,17230,3837,2935,28950,2500,7500
20230903,2882,5600,8340,6260,33110,27260,4341,16390,13310,16330,3836,2884,28260,2473,7470
20230902,2865,5590,8150,6260,32980,27240,4338,15850,13470,16230,3888,2946,28140,2494,7460
20230830,2879,5620,8080,6260,33190,27210,4331,15860,13750,16070,3714,2833,28310,2517,7450
20230829,2879,5610,8090,6250,33080,28230,4319,15880,13820,15950,3646,2771,28630,2520,7430
20230828,2830,5580,8080,6190,32890,27560,4315,15740,13850,15940,3660,2731,28540,2504,7340
20230827,2722,5500,7930,6150,32470,26610,4302,15680,13690,15710,3720,2688,28350,2436,7240
20230826,2596,5220,7500,6050,30960,26700,4298,15470,13140,15400,3626,2560,27560,2324,6860
20230823,2475,5000,7060,6000,29100,26570,4272,15250,12560,15160,3509,2440,27230,2218,6680
20230822,2424,5000,6870,5990,28760,26610,4288,15290,12110,15080,3412,2406,26780,2154,6640
20230821,2534,5060,6940,6010,28840,26910,4494,15360,12420,15450,3476,2522,27590,2231,6680
20230820,2503,5050,6860,6010,28860,26940,4493,15340,12400,15450,3467,2457,27570,2216,6680
20230819,2466,5050,6860,6010,28960,27070,4494,15410,12450,15410,3639,2470,27710,2193,6680
20230816,2466,5110,6890,6020,29320,27290,4644,15480,12760,15820,3819,2571,27810,2232,6720
20230815,2466,5120,6870,6020,29340,27530,4644,15490,13010,15940,3861,2614,27990,2213,6740
20230814,2569,5170,6940,6050,29370,27540,4644,15490,13400,16190,4016,2746,28310,2314,6820
20230813,2494,5170,6800,6010,29250,27220,4456,15490,13460,16210,4025,2761,28180,2279,6750
20230812,2570,5160,6650,6020,29550,27430,4424,15540,13410,16280,3900,2862,28300,2398,6740
20230809,2699,5320,6850,6110,29970,27550,4466,15640,14010,16540,4104,3011,29240,2398,6990
20230808,2716,5350,6780,6120,30090,27590,4435,15680,14060,16690,4115,3018,29280,2431,7050
20230807,2768,5370,6810,6130,30970,27660,4452,15840,14260,16780,4234,3121,29280,2502,7120
20230806,2645,5340,6760,6090,31110,27700,4450,15850,14430,16770,4238,3091,29280,2411,7050
20230805,2627,5300,6730,6050,31840,27790,4612,15800,14660,17010,4242,3158,29680,2401,6990
20230801,2509,5010,6320,5810,31950,27780,4820,15720,14260,16820,4138,3015,29190,2301,6750
20230731,2466,4970,5990,5790,32200,27750,4770,15650,14150,16640,4025,2935,28990,2260,6680
20230730,2454,4940,5930,5740,32200,27720,4590,15660,14080,17040,4020,2958,28960,2253,6660
20230729,2556,4990,6160,5760,32780,28140,4810,16000,14750,17150,4164,3082,29420,2356,6680
20230726,2560,5000,6170,5780,32880,28330,5045,16000,15520,17090,4162,3103,29440,2382,6650
20230725,2524,5030,6210,5780,33080,29470,5066,15520,16330,17050,4291,3097,29430,2372,6650
20230724,2622,5020,6650,5760,33230,28100,4912,15600,16920,17030,4368,3119,29310,2369,6630
20230723,2622,4960,6650,5710,33090,27410,4684,15620,16150,16990,4306,3124,29090,2365,7070
20230722,2622,5460,7550,5720,33160,27170,4474,15660,15590,16770,4221,3141,28950,2366,7070
20230719,2622,5460,7550,5770,33490,27170,4284,15790,15690,17200,4442,3141,29160,2366,7070
20230718,2622,5460,7550,5810,32760,27250,4096,15590,14970,16850,4311,3087,27620,2366,7070
20230717,2546,5140,7380,5780,31720,27250,3910,15430,14270,16510,4117,2949,27090,2366,6670
20230716,2671,5340,7710,6190,31840,27250,4068,16220,14970,17590,4302,3090,28020,2481,6910
20230715,2787,5530,7980,6360,33970,28650,4140,16760,15360,18820,4522,3244,29800,2584,6980
20230712,2817,5470,7920,6470,34560,28700,4171,16820,15560,19090,4453,3201,29700,2611,6950
20230711,2938,5670,8410,6720,36800,30200,4294,17080,16360,19730,4633,3351,30540,2725,7130
20230710,3049,5770,8560,6800,37660,31560,4294,17250,16750,20760,4807,3475,31040,2819,7240
20230709,3105,5800,8680,6890,38020,30830,4294,17320,17040,21070,4678,3628,31150,2891,7280
20230708,3159,5830,8780,7060,37780,30640,4285,17330,17320,20890,4678,3738,31190,2926,7310
20230705,3171,5910,8820,7240,36380,30140,4277,17290,17310,20540,4636,3769,30940,2945,7300
20230704,3197,5930,8830,7020,40090,29030,4329,17200,17070,20770,4723,3862,31180,2963,7270
20230703,3198,5740,8830,7410,40090,29030,4360,16990,16310,20250,4609,3910,31060,2929,7070
20230702,3143,5580,8620,7660,40090,28190,4355,16990,15880,19710,4660,3808,30880,2827,6980
20230701,3028,5520,8590,7660,40090,27540,4343,16990,15840,18900,4657,3634,30110,2705,6920
20230628,3073,5580,8740,7660,40430,27930,4341,17160,15930,18900,4619,3572,30080,2728,6880
20230627,3087,5620,8760,7660,40580,28150,4368,17260,16130,18860,4518,3637,30300,2725,6860
20230626,3164,5690,8910,7660,41180,28350,4396,17340,16510,19110,4591,3551,30790,2811,6940
20230625,3098,5650,9130,7280,41220,27410,4384,16730,16590,19220,4537,3385,31080,2811,6970
20230624,3088,5580,8750,6830,41290,27910,4372,16390,16670,18850,4327,3280,31330,2855,6890
20230621,3186,5660,8810,6970,41060,28040,4382,16230,16880,19080,4369,3343,30670,2878,6980
20230620,3140,5680,8740,6810,39960,26860,4318,16220,16890,18940,4513,3256,30030,2834,7060
20230619,3151,5710,8670,6790,39960,27210,4329,16280,16950,18920,4746,3329,30490,2801,7050
20230618,3207,5770,8480,6760,39960,28270,4422,16530,16380,19240,4649,3318,29860,2779,7060
20230617,3351,5810,8510,6800,39550,29730,4653,16610,16710,19370,4458,3473,30510,2875,7060
20230614,3398,5820,8600,6810,38930,28500,4810,15990,17040,19230,4256,3442,30450,2908,7100
20230613,3364,5590,8370,6780,37990,27670,5030,15960,17070,18950,4093,3372,29690,2894,6980
20230612,3376,5520,8260,6780,37140,27750,5290,15890,17000,19000,4131,3438,30180,2918,6950
20230611,3624,5820,8680,6820,38140,26730,5400,16700,17440,19270,4332,3568,31030,2938,7220
20230610,3624,5890,8690,6790,38360,25880,5340,16820,17470,18910,4560,3590,31130,3064,7280
20230607,3624,6130,9270,6870,39420,25740,5200,17300,18360,19950,4630,3775,33010,3224,7520
20230606,3588,6130,9420,6860,40050,24580,5200,17300,18200,19870,4820,3733,33750,3232,7510
20230603,3449,6120,9420,6870,40090,23700,8500,17460,18090,20040,4690,3573,34130,3123,7500
20230531,3425,6100,9400,6850,40180,22800,8500,17520,18080,20290,4690,3472,33500,3087,7470
20230530,3502,6140,9530,6830,40270,23060,8500,17580,18330,20110,4690,3620,32580,3159,7510
20230529,3491,6140,9520,6770,38600,22950,8500,17450,17960,20420,4600,3470,31700,3158,7510
20230528,3486,6130,9510,6660,38600,22780,8500,16920,17900,21120,4810,3598,31590,3155,7510
20230527,3660,6250,9740,6740,39840,23940,8500,17280,18400,21120,5060,3778,33050,3314,7590
20230524,3688,6360,10010,6930,39240,24890,8330,18830,17810,21120,5308,3937,33340,3334,7700
20230523,3752,6370,9530,6970,39840,24810,8170,18830,17850,21120,5210,3984,33660,3397,7730
20230522,3747,6410,9600,6980,37420,24370,8190,18830,17580,20710,4976,3866,32780,3404,7790
20230521,3664,6440,9590,6970,35470,24400,8190,18830,17540,20480,4753,3914,31970,3349,7820
20230520,3664,6440,9530,7060,34100,24500,8100,19350,17220,20790,4753,3868,31180,3364,7810
20230517,3757,6680,9550,7190,33940,24450,8080,19540,17840,20380,4632,3695,31540,3487,7910
20230515,3722,6680,9570,7170,33970,23520,8070,19560,17200,19070,4435,3689,30990,3470,7940
20230514,3739,6670,9550,7110,32470,23300,8210,19230,16410,19070,4557,3832,31380,3517,7900
20230513,3651,6420,8970,6750,30450,23370,8630,18390,15650,19070,4601,3971,33230,3452,7590
20230510,3834,6560,9130,6870,30540,24440,8780,19330,16220,20330,4830,4179,33230,3626,7750
20230509,3981,6580,9160,6910,30720,25470,8780,19870,16840,21670,4950,4381,33230,3751,7750
20230508,4129,6480,8870,6900,31120,26410,8390,20790,17440,22960,5210,4611,33230,3689,7690
20230507,4346,6880,9460,7350,33320,27790,8160,21880,18350,24680,5480,4853,35710,3830,8180
20230506,4417,7230,9810,7710,35540,29010,8520,22980,19280,26170,5470,4853,38230,3762,8560
20230503,4207,7240,9570,7680,35120,28540,8510,22960,19570,26130,5216,4820,36860,3583,8620
20230502,4046,7280,9770,7740,35740,28020,8810,22570,20040,26550,4968,4618,36940,3431,8760
20230501,3992,7070,9470,7680,36120,27830,8870,21690,19250,26250,4732,4400,37380,3377,8690
20230430,4010,7050,9440,7880,37020,28000,8500,21920,18510,24880,4550,4278,37480,3372,8750
20230429,3905,6840,9250,7850,36900,27250,8180,21230,18010,25290,4528,4085,36760,3227,8520
20230426,3936,6400,9010,7770,35490,27230,8370,20420,18010,25180,4445,3897,36540,3234,8030
20230425,4101,6390,9140,7750,36420,27640,8370,20250,18120,26060,4480,3997,37140,3365,8120
20230424,4105,6280,9100,7340,36850,27490,8370,20450,18470,26640,4341,4031,37100,3372,7920
20230419,4134,6310,9270,7220,37170,26550,7990,20270,18680,26370,4177,3955,36970,3295,7970
20230418,4160,6370,9390,7120,37660,26510,7680,19320,17800,25840,4285,3798,36790,3225,8060
20230417,3995,6340,9250,7100,35670,26390,7620,19120,16970,26150,4195,3637,36240,3077,8040
20230416,3980,6320,9200,7150,34960,25620,7620,19320,16220,25480,4090,3467,35300,2997,8110
20230415,3959,6330,9120,7180,34720,24490,7860,19620,15610,23940,4125,3302,35410,2946,8150
20230411,3849,6200,8820,7030,32750,23330,7670,18730,14910,22380,3937,3145,34250,2871,7920
20230410,3848,6260,8920,7180,32880,24020,7360,18990,14670,21340,3902,2996,34540,2909,8050
20230409,3858,6420,8930,6920,33920,24800,7410,19750,14670,21850,3992,2877,35560,2909,8250
20230408,3718,6450,9000,6470,33860,24960,7070,18810,14010,20750,3921,2877,34620,2835,8270
20230405,3721,6210,8840,6470,31780,24100,6810,17920,13460,19550,3741,2877,32420,2840,7970
20230404,3721,6270,8910,7410,30730,23070,6740,17330,13630,19180,3701,2863,32320,2866,8020
20230403,3697,6210,8920,7410,29890,23010,6750,17650,13630,18950,3708,2920,31820,2866,7940
20230329,3543,6310,8990,7410,29890,22340,6440,17260,13750,18770,3838,2814,32940,2749,8040
20230328,3445,6310,8910,7410,29910,21810,6170,16570,13290,18420,3876,2711,32760,2650,8040
20230326,3380,6320,8700,7370,29890,20670,5610,16750,12460,18170,3544,2632,31870,2546,8140
20230325,3493,6230,8220,7250,31530,20800,5480,16920,11870,18240,3378,2536,31970,2594,7900
20230319,3376,5890,8220,7110,32410,20630,5430,16560,11310,18450,3218,2528,31800,2490,7490
20230318,3311,7940,8050,6890,30570,21090,5400,15780,30280,17730,3218,2512,31120,2383,7020
20230315,3157,7940,7260,6480,28610,20510,5380,15150,30280,16850,3218,2399,29200,2271,6450
20230314,3104,7940,8670,6330,27000,19720,5340,14430,30280,16360,3157,2357,27590,2223,9670
20230313,3107,7940,8670,6370,26740,20020,5340,14270,30280,16180,3133,2260,26760,2226,9670
20230312,3119,7920,8670,6440,26820,20380,5340,14380,30280,16740,3138,2261,26740,2218,9670
20230311,3227,8260,8670,6650,27430,20620,5420,14500,31580,17530,3265,2345,27370,2317,9670
20230307,3158,8440,8670,6780,27390,20850,5640,14400,31650,17670,3312,2352,26650,2255,9830
20230306,3192,7940,8400,6750,27010,21400,5740,14360,30240,18000,3341,2303,26400,2259,9830
20230305,3237,8080,8580,6760,25330,20580,5620,14410,29890,17950,3212,2384,25140,2273,9830
20230304,3114,8110,8590,6600,24840,21180,5670,14410,28720,17540,3075,2372,25050,2221,9870
20230301,3074,8350,8950,6920,25130,20760,5558,15060,29530,16590,3010,2433,25480,2218,10180
20230228,3192,8570,9050,6970,25320,20850,5326,15060,29590,16500,3107,2381,25960,2311,10320
20230227,3225,8450,8690,5910,25410,21530,5198,15040,29750,16470,3087,2278,26280,2358,10260
20230226,3079,8480,8570,5910,25620,21830,4983,14780,29650,16630,3204,2223,26950,2252,10260
20230225,3084,7960,8030,8320,24180,20910,4750,14200,29230,16330,3170,2223,26710,2227,9660
20230222,2960,7440,7520,8320,22610,20070,4593,13530,27840,15600,3021,2223,25050,2123,9030
20230221,3055,7340,7630,8320,22530,20690,4605,13690,27170,15970,3009,2289,25270,2227,9000
20230220,2927,6860,7200,8320,21080,19790,4451,13090,25880,15830,2866,2275,23790,2158,8420
20230219,2927,6420,6770,8320,19870,19690,4333,12510,24770,14910,2738,2173,22700,2068,7870
20230215,2927,6270,6740,8320,19760,19770,4327,12440,23970,13920,2642,2164,22770,2040,7740
20230214,2927,6300,6790,8560,19900,19870,4334,12470,24210,19250,2707,2223,22890,2137,7790
20230213,2927,6320,6860,8520,20070,20230,4332,12750,24960,19250,2743,2318,23100,2137,7830
20230212,2927,6260,6870,8340,20050,20320,4330,12500,24930,19250,2702,2215,22650,2137,7820
20230208,2927,6270,6970,8330,20290,20390,4313,13120,25360,19250,2766,2203,22730,2137,7900
20230207,2927,6180,7060,8010,20290,20410,4288,13170,25130,19390,2790,2197,22940,2137,7830
20230206,2927,6000,6950,7870,20280,20280,4308,13160,24830,18840,2691,2136,22290,2137,7550
20230205,2927,5950,6870,7830,20390,20120,4329,13300,24360,19740,2718,2224,21790,2137,7450
20230201,2927,5990,7090,7830,21070,20970,4355,13340,25470,19880,2752,2317,22020,2214,7520
20230131,2931,5990,7110,7900,21260,21050,4377,13360,25770,19390,2721,2269,22230,2238,7480
20230130,2837,5870,7000,7750,20640,20200,4379,13390,25220,19140,2663,2184,21810,2209,7390
20230129,2851,5870,7000,7810,20280,19850,4330,13590,24340,19150,2744,2246,22020,2251,7360
20230128,2990,6080,7320,8310,21500,20890,4554,14290,25570,20550,2878,2359,22750,2366,7600
20230125,3031,6080,7300,8430,21610,21400,4650,14870,26690,21400,3024,2467,23580,2396,7600
20230124,3135,6210,7530,8640,22680,22440,4660,15040,27560,22180,3084,2566,24730,2514,7780
20230123,3137,6230,7670,8670,22930,22630,4610,14970,27600,21890,2961,2657,25010,2478,7810
20230122,3231,6180,7750,8720,21510,21740,4660,14900,27620,21730,2830,2732,24230,2415,7700
20230121,3284,6140,7680,8780,21090,21020,4890,15010,29010,23110,2847,2846,24250,2417,7640
20230118,3390,6400,7880,9010,21520,21260,5143,15740,30440,23550,2833,2767,24560,2540,7860
20230117,3473,6440,7740,8920,21590,21260,5096,15830,31200,23830,2833,2651,24920,2621,7880
20230116,3341,6460,7790,8700,21880,21260,4859,15930,31330,24270,2833,2707,24610,2588,7910
20230115,3341,6300,7650,8460,21880,20450,4636,15490,30190,23560,2699,2582,23320,2588,7710
20230114,3341,6300,7650,8460,21880,20450,4636,15490,30190,23560,2699,2582,23320,2588,7710
20230111,3341,6420,7700,8450,21880,20160,4522,15560,30700,23490,2609,2607,24270,2588,7620
20230110,3486,6500,7900,8760,21960,19870,4648,15400,31190,23570,2621,2683,24270,2685,7710
20230109,3460,6130,7810,8820,22090,19730,4675,14750,30730,23390,2669,2693,24320,2698,7480
20230108,3424,6080,7750,8700,22510,19690,4717,14630,30610,22950,2653,2772,23630,2684,7460
20230107,3411,5900,7500,8250,21970,18840,4585,14050,30980,22620,2542,2781,23220,2723,7360
20230104,3250,5800,7490,8010,21590,18570,4532,13550,29770,22720,2503,2655,23040,2599,7240
20230103,3216,5940,7660,8150,21480,18620,4505,13680,28510,23260,2583,2620,23250,2598,7350
20230102,3074,5980,7730,8320,21040,19270,4307,13680,27830,23150,2481,2504,23190,2494,7430
20230101,2934,5840,7490,8070,20490,19190,4269,13130,26520,21870,2412,2402,22770,2376,7240
20221231,2821,5970,7690,8330,20630,20060,4333,13300,26570,21840,2456,2492,22060,2342,7380
20221228,2884,6280,8140,8910,21560,20400,4554,13910,27820,22070,2584,2618,22350,2422,7660
20221226,2753,5880,7670,8500,20310,19810,4574,13590,26530,21570,2529,2540,21430,2320,7190
20221225,2667,5930,7660,8100,20080,19920,4392,13620,25440,21860,2524,2487,21460,2298,7250
20221224,2554,5830,7580,7630,19750,19690,4251,13560,24910,21630,2511,2449,21120,2214,7220
20221221,2508,5530,7180,7460,19140,19580,4172,12970,24140,21610,2471,2338,20280,2182,6950
20221220,2493,5550,7200,7460,19050,19570,4018,12930,23540,21340,2454,2258,20250,2158,6960
20221219,2511,5630,7300,7580,19180,19660,3939,13100,24190,21820,2498,2341,20480,2162,7040
20221218,2624,5620,7410,7670,19280,19650,3872,13220,24740,21340,2494,2308,20710,2258,7120
20221217,2616,5390,7250,7560,18880,19310,3833,13200,24450,21000,2382,2296,20380,2264,6880
20221214,2592,5467,7410,7700,18630,19600,3781,12930,24340,20310,2377,2270,20420,2264,6950
20221213,2563,5287,7300,7630,18110,18980,3728,12850,24230,19060,2400,2335,19630,2264,6840
20221212,2518,4965,7080,7380,17900,18980,3658,12670,23320,17990,2327,2270,19180,2224,6430
20221211,2509,4795,6970,7240,17630,18980,3545,12490,22300,17910,2255,2227,19060,2219,6200
20221210,2524,4756,6710,7290,17730,19700,3520,12490,22280,17950,2258,2164,19180,2224,6010
20221207,2631,4865,6870,7410,17970,18780,3479,12550,23280,18080,2362,2109,19340,2256,6080
20221206,2538,4940,7000,7450,17990,18110,3455,12610,23180,18650,2322,2036,19440,2153,6190
20221205,2502,4959,7040,7690,18010,18030,3446,12660,22930,18690,2312,2031,19470,2113,6220
20221204,2510,4987,7060,7850,17970,18040,3444,12680,23310,18650,2308,2026,19760,2113,6220
20221203,2401,4984,7080,7800,18010,18060,3432,12710,23390,18320,2366,2034,20050,2046,6230
20221130,2409,4922,7180,7440,17990,17960,3424,12720,24440,18550,2421,2101,19950,2045,6150
20221129,2464,4922,7100,7350,17770,17860,3415,12740,24370,18720,2314,2123,19940,2077,6020
20221128,2509,4922,7020,7500,17590,17850,3342,12730,24200,18820,2212,2072,18940,2104,5930
20221127,2514,4918,6940,7550,17680,17800,3323,12730,24190,19130,2236,2012,18970,2115,5930
20221126,2488,4912,6990,7740,17760,17890,3323,12750,24350,17960,2234,2030,18990,2100,5910
20221123,2398,4930,7080,7770,17830,17960,3318,12720,23430,17890,2238,2049,19000,2049,5950
20221122,2411,4950,7060,7810,17890,18060,3358,12750,22940,18080,2204,2023,18990,1997,5960
20221121,2390,4980,7140,7830,17980,18190,3357,12760,23060,17610,2220,2018,19010,1933,5990
20221120,2289,4980,7090,7810,17830,18340,3355,12820,23200,17220,2206,2016,19020,1903,5990
20221119,2180,4900,6960,7810,17590,18850,3360,12310,22980,17160,2122,2016,19190,1814,5950
20221116,2200,5060,7190,7950,17390,18070,3383,12690,24120,17210,2116,2016,18950,1883,6130
20221115,2180,5040,7180,8010,17220,17590,3382,12620,24190,17510,2102,2016,19000,1881,6110
20221114,2135,5030,7190,8010,17140,18260,3380,12560,23860,17550,2087,2016,19010,1871,6090
20221113,2159,5080,7340,8130,17440,17690,3381,12570,24460,17920,2106,2097,19460,1890,6170
20221112,2188,5210,7180,8260,17560,16960,3379,12700,24020,17300,2111,2065,19550,1914,6300
20221109,2212,5157,7180,8260,17520,16210,3406,12620,22950,16370,2120,1969,19490,1944,5985
20221108,2199,5166,7180,8390,17270,16270,3401,12430,22650,16230,2116,1962,19950,1950,5980
20221107,2118,5128,7030,8510,17430,16180,3290,11930,22660,16270,2106,1971,19650,1915,5902
20221106,2019,4949,6690,8370,16530,15740,3183,11430,21720,15400,2014,1882,18780,1827,5589
20221105,1959,4914,6630,8190,16100,15730,3181,11290,20830,15270,1977,1806,18210,1775,5325
20221102,1908,4610,6240,8080,15260,15600,3153,10760,19840,15150,1895,1757,17330,1714,4984
20221101,1912,4611,6240,8060,15250,15610,3154,10720,19710,15180,1904,1719,17270,1719,4951
20221031,1883,4549,6210,8050,15060,15580,3150,10640,19080,15210,1880,1638,17210,1696,4916
20221030,1834,4487,6110,8010,14970,15610,3151,10480,18200,15140,1808,1638,17180,1647,4858
20221029,1819,4361,5990,7850,14980,15910,3275,10770,17900,15330,1803,1697,17000,1636,4743
20221026,1803,4311,5910,7780,15000,16120,3307,11210,17820,15580,1798,1747,17100,1608,4673
20221025,1861,4432,6030,8010,15330,16660,3328,11730,18610,15840,1885,1785,17380,1657,4740
20221024,1872,4474,6090,8140,15550,16830,3402,11860,18630,16030,1943,1781,17340,1666,4780
20221023,1906,4732,6210,8280,15850,16860,3579,11960,19270,16950,2008,1832,17530,1700,4857
20221022,1893,4884,6260,8470,15880,16940,3664,11970,18470,16130,2015,1879,17610,1697,4854
20221019,1904,4910,6130,8660,15880,16940,3491,11980,17740,15230,2018,1961,17620,1707,4854
20221018,1909,4950,6190,8750,15930,16950,3610,11960,17050,15200,2004,1899,17610,1716,4864
20221017,1908,4980,6040,8820,15920,16990,3694,11930,16780,15330,2001,1815,17500,1706,4864
20221016,1914,4990,5920,8850,15980,17010,3758,11940,17280,14850,2007,1833,17390,1709,4863
20221015,1962,5030,5970,8870,15930,17030,3817,11940,17720,14910,2037,1875,17460,1751,4895
20221012,1994,5058,6010,8870,15970,17020,3908,12030,17690,14930,2088,1902,17670,1783,4967
20221011,1999,4979,6020,8850,15880,17040,3939,12000,17580,14860,2087,1840,17700,1787,4896
20221010,1983,4897,5790,8850,15000,17030,3954,11460,17360,14850,2055,1757,17040,1779,4832
20221009,1989,4909,5660,8840,14970,17050,4148,11450,17250,14850,2015,1702,17030,1783,4848
20221008,2018,4914,5700,8950,14970,17620,3951,11590,18150,14850,2015,1770,17320,1823,4848
20221004,1996,4920,5430,8990,14950,17760,3890,11600,18240,14970,2011,1771,17150,1791,4851
20221003,1988,4930,5400,9010,14940,17040,3890,11850,19180,15080,2017,1845,17240,1788,4860
20221002,1991,4930,5370,9020,14750,17120,15360,11860,22080,15170,1987,1922,17440,1792,4860
20221001,1986,4930,5440,9050,15050,17200,15360,11980,22080,15360,2010,1949,17600,1796,4880
20220928,2078,5040,5610,9090,15550,17300,15360,12200,22080,15780,2087,1863,18160,1878,4980
20220926,1997,4950,5320,9150,15410,17220,15360,12180,21580,15590,2043,1814,18080,1817,4930
20220924,1920,4910,5240,9180,15030,17380,15360,12200,21310,15400,1999,1805,18020,1747,4900
20220921,1996,5020,5480,9360,15560,17510,15360,12710,22400,15650,2061,1893,18310,1810,5020
20220920,1994,5080,5580,9570,15960,17610,15360,12790,22910,15790,2099,1961,18820,1801,5030
20220919,2028,5100,5650,9630,16010,17640,15360,12790,21870,16020,2122,1993,19390,1828,5040
20220918,2049,5110,5660,9670,16100,17730,15360,12840,21510,16110,2128,2063,19460,1853,5050
20220914,2103,5170,5800,9730,16190,17830,15360,12920,22010,16090,2189,2152,19480,1916,5100
20220913,2077,5180,5840,9800,16130,17860,15360,12930,22060,16540,2196,2210,19690,1907,5090
20220912,1989,5100,5820,9820,16140,17920,15360,12930,21540,16700,2149,2227,19580,1833,5060
20220911,1974,5030,5810,9990,16130,17960,15360,12720,21650,17060,2163,2163,19560,1818,5050
20220910,1997,5030,5800,10010,16080,18050,15860,13120,22570,17300,2206,2177,19490,1860,5070
20220907,2065,5060,5820,10130,16370,18610,15860,13660,23740,17430,2291,2243,19640,1928,5090
20220906,2065,5060,5860,10180,16580,18600,15860,13730,23970,17660,2304,2223,19710,1944,5160
20220905,2069,5080,5930,10200,16600,18600,15860,13900,24590,17730,2331,2279,19880,1946,5220
20220904,2069,5090,5950,10250,16720,18600,15910,14070,24360,17820,2324,2277,19980,1948,5230
20220903,2042,5090,5950,10270,16730,18600,15930,14170,24520,17910,2309,2272,19890,1942,5230
20220831,2111,5140,6090,10320,16970,19390,16110,13610,25760,17730,2359,2350,19940,2029,5310
20220830,2104,5170,6120,10390,16990,19500,16130,12990,26040,17820,2307,2358,19890,2000,5350
20220829,2164,5230,6120,10450,16890,18980,16140,12950,25420,17940,2298,2424,19650,2072,5350
20220828,2174,5270,6100,10470,16930,18220,16030,12910,24730,17810,2250,2342,19670,2077,5390
20220827,2204,5330,6220,10470,17170,18250,16060,12900,25770,18300,2305,2288,19750,2068,5460
20220824,2234,5330,6120,10330,17130,18170,16090,12870,25310,17350,2287,2332,19710,2142,5460
20220823,2237,5270,5900,10320,17050,18100,16090,12800,24330,16480,2184,2261,19570,2151,5420
20220822,2206,5310,5860,10380,16860,18030,16060,12810,23250,16340,2149,2224,19640,2150,5320
20220821,2155,5420,5940,10690,16990,18210,16010,12810,23490,16510,2147,2265,19860,2183,5320
20220820,2171,5560,5950,10870,17010,18170,15960,12820,23400,16550,2196,2221,20000,2152,5340
20220817,2220,5560,5940,11030,17590,18090,15950,12950,23190,16590,2244,2308,20120,2170,5420
20220816,2151,5600,6100,11160,17730,18210,15980,12960,23550,16400,2277,2349,20230,2076,5460
20220815,2116,5670,6250,11260,17790,18550,16040,13000,23470,16390,2280,2239,20250,2007,5540
20220814,2055,5740,6280,11340,17320,18710,16060,13000,23300,16590,2294,2172,20230,1945,5630
20220813,2008,5780,6300,11390,17120,17920,16060,12980,23110,16660,2349,2270,20180,1863,5700
20220810,1915,5520,6230,11430,16390,17380,16060,12940,22030,16680,2277,2270,20110,1775,5580
20220809,1974,5460,6310,11520,16450,17420,16130,12960,22690,16720,2286,2247,20270,1777,5560
20220806,1958,9470,6360,11610,16340,17380,16160,12920,22550,16730,2229,2341,20190,1718,5560
20220803,1871,11170,6450,11670,16100,17670,16220,12870,21500,16650,2137,2323,20090,1639,5450
20220802,1793,11170,6450,11700,15940,18450,16250,12850,20670,16760,2100,2285,20020,1564,5390
20220801,1783,11170,6430,11720,15900,18900,16320,12850,20780,16820,2110,2268,20040,1559,5380
20220731,1770,11170,6390,11710,15800,19390,16250,12860,20350,16840,2089,2371,19960,1536,5350
20220730,1843,11040,6550,11850,16070,20020,16370,12930,21360,16850,2102,2486,20070,1604,5400
20220727,1903,10930,6570,11870,16080,20850,16520,12950,21950,16780,2110,2415,20150,1660,5270
20220726,1889,10690,6540,11870,16080,21110,16540,12940,22130,16750,2090,2482,20010,1635,5230
20220725,1885,10690,6460,11900,16120,21360,16620,12930,21110,16810,2180,2589,20000,1646,5350
20220724,1982,10930,6610,12040,16580,21620,16850,13000,22840,16960,2294,2663,20960,1728,5350
20220723,2003,10990,7040,12430,16670,21700,16760,13100,22840,17010,2385,2663,21580,1754,6050
20220720,1998,10990,7040,13070,16610,21700,16800,13090,22840,16830,2333,2663,20400,1751,6050
20220719,1998,10990,7040,13140,16580,21700,16820,13080,22840,16950,2228,2641,20740,1751,6050
20220717,1998,10990,7040,13360,16800,21700,16690,13070,22840,16770,2189,2721,20810,1751,6050
20220716,1998,11080,7110,20880,16960,21700,16730,13170,22840,17670,2267,2803,20030,1751,6080
20220713,2049,11310,7090,20880,16980,20690,16700,13220,22840,17400,2317,2823,19970,1802,6210
20220712,2005,11370,6820,22150,16930,20780,16710,13230,22840,16540,2303,2722,19800,1767,6270
20220711,1990,11400,6780,13990,17250,21840,16550,13280,22840,17510,2366,2808,20180,1729,6340
20220709,2064,11100,6930,13990,17690,22750,16680,13350,22840,18610,2476,2904,20820,1799,6440
20220706,2078,11040,6930,13990,17750,22760,16250,13430,22840,18830,2574,2829,20780,1824,6470
20220705,2126,10980,7010,13990,18030,22910,16300,13450,22840,17940,2570,2974,21100,1885,6610
20220704,2151,10800,6850,13940,18080,22940,16360,13540,22840,17450,2660,2900,21690,1909,6570
20220703,2112,10800,6840,13860,18020,22950,16370,13540,22840,16500,2604,2773,21260,1876,6570
20220702,2116,10830,6800,13790,17890,23050,16390,13570,22840,16320,2540,2660,20100,1879,6680
20220629,2218,10940,6920,13680,17880,23260,16410,13550,22840,16250,2578,2541,19990,1967,6740
20220628,2231,10930,7050,13690,17640,22960,16380,13300,22840,16400,2610,2604,19840,1975,6740
20220627,2203,10890,6880,13690,17690,22580,16320,12990,21800,16820,2622,2614,19950,1935,6720
20220626,2194,10890,6700,13700,18140,22770,16390,12940,20880,16850,2513,2716,20360,1935,6710
20220625,2202,11150,6720,13750,18570,23140,16430,13600,21580,17390,2633,2717,20880,2015,6940
20220622,2100,11440,6860,13750,19290,22960,16160,13940,21380,16780,2543,2824,20990,1921,7180
20220621,2072,11550,6880,13750,21670,23020,16450,13930,20430,17080,2451,2952,21490,1887,7300
20220620,2095,11620,6970,13740,21670,23270,16630,13890,19530,17410,2423,3083,21390,1887,7370
20220619,2041,11610,6950,13740,21670,23440,17030,13670,18630,17520,2384,3062,20200,1812,7400
20220618,2081,11610,7040,13730,21670,23490,16340,13540,18490,18200,2349,2976,19790,1833,7440
20220615,2081,11710,7100,13760,21980,24100,15650,14130,19110,19240,2448,3122,19920,1883,7520
20220614,2137,11820,7260,13760,21990,24050,15870,14380,19710,19610,2344,3170,20240,1933,7650
20220613,2113,11820,7340,13770,22200,23860,15920,14400,20550,19860,2255,3270,20520,1905,7720
20220612,2020,11460,7100,13720,21490,22870,15750,14380,20150,19290,2162,3124,19470,1819,7470
20220611,2002,11290,6770,13700,21700,23240,15680,14850,20150,19460,2122,3124,19380,1800,7370
20220608,2041,11290,6780,13700,20730,24190,15710,15310,19850,20660,2116,3124,19570,1834,7340
20220607,2025,11280,6750,13670,20040,24170,15700,15390,19180,21600,2064,3301,19290,1830,7310
20220606,2017,11280,6650,13630,19010,25010,15650,15450,20160,21690,2079,3473,18330,1819,7320
20220601,2113,11750,6960,13630,19690,26060,16000,16260,21150,20850,2167,3429,18990,1904,7400
20220531,2098,11750,7040,13440,19580,25030,15880,16570,21780,19670,2166,3297,18670,1891,7400
20220530,2116,11750,6840,13390,19510,23950,15860,16570,21890,18560,2186,3140,18380,1904,7310
20220529,2110,11730,6790,13400,19270,24040,15940,24880,21500,18200,2202,3040,18140,1906,7280
20220528,2162,11960,6870,13540,19960,25090,16290,27680,22580,19290,2308,3200,18300,1973,7360
20220525,2262,12110,6770,13600,20990,25850,16170,27680,22940,20230,2334,3360,18780,2059,7400
20220524,2257,12260,6470,13610,21170,25940,16040,17770,22070,19930,2303,3252,18910,2049,7450
20220523,2258,12400,6440,13620,21170,27260,16200,17770,21080,20680,2318,3101,18590,2042,7480
20220522,2360,12540,6570,13830,22280,28340,16470,17770,20880,21820,2402,2990,18660,2137,7550
20220521,2363,12550,6520,13800,22280,27820,16340,17770,19980,23330,2391,2848,17710,2153,7540
20220518,2395,12690,6570,13950,22280,29150,16340,17800,19920,24250,2390,2738,17920,2192,7590
20220517,2396,12770,6890,13800,22660,30050,16680,17980,20140,24250,2507,2819,18640,2165,7610
20220516,2434,12320,6970,13070,23540,29700,17100,18150,20020,24250,2403,2729,18750,2202,7390
20220515,2371,12090,7040,12970,22570,30720,16510,18200,20330,26330,2303,2685,19100,2170,7270
20220514,2358,12160,7340,12980,21510,31700,17320,18070,19890,26330,2338,2546,18860,2248,7350
20220511,2468,12120,7230,12890,20320,32620,18090,18630,19580,25490,2381,2425,17970,2342,7370
20220510,2429,11890,7020,12690,19850,32080,17610,17830,18740,24550,2362,2311,20150,2285,7340
20220509,2451,11940,7050,12560,19700,33660,17000,17300,18430,23210,2326,2211,20150,2280,7400
20220508,2470,12050,7200,12610,20050,33730,16370,16480,18430,23920,2222,2318,20150,2272,7470
20220507,2422,11820,7210,12620,20150,32130,15690,15710,18250,24700,2257,2318,20270,2182,7480
20220502,2420,11770,6810,12550,19970,30600,14950,15440,18840,23600,2270,2318,19660,2162,7500
20220501,2393,11880,6510,12580,19980,29200,15100,15530,18650,24580,2219,2226,19350,2111,7470
20220430,2424,11960,6450,12690,20160,27810,15730,15630,17860,25990,2184,2147,19120,2116,7550
20220427,2492,12080,6280,12700,20120,26500,15390,15610,17020,26020,2227,2153,18830,2198,7590
20220426,2504,12090,6220,12770,20210,25700,14670,15540,17000,26000,2224,2208,18870,2212,7580
20220425,2428,12050,5940,12780,20260,25120,14400,15850,16300,26470,2203,2256,18790,2114,7550
20220424,2441,11910,5920,12820,20410,24780,14170,16150,16340,27460,2156,2278,18830,2139,7500
20220420,2429,12080,6020,12840,20070,24530,13900,16090,16330,27050,2168,2266,18910,2137,7570
20220419,2397,11990,6000,12860,20310,24540,13250,15860,16820,26480,2232,2222,19350,2122,7560
20220418,2409,11990,5470,12910,19880,24490,12860,15220,17070,26440,2233,2296,19250,2125,7550
20220417,2361,11990,7450,12910,18760,24930,12260,14500,16430,25020,2199,2250,18250,2052,7460
20220416,2428,11990,7450,12920,18730,24550,11730,14020,15790,25640,2147,2146,17970,2130,7460
20220413,2396,11860,7450,12870,18350,23640,11730,13980,15170,26780,2073,2051,17750,2111,7380
20220412,2435,11680,7450,12870,18510,23480,11730,13900,15250,27650,2050,2066,17030,2170,7270
20220411,2557,12260,7450,12930,19440,24520,11850,14060,16010,28180,2149,2170,17750,2272,7620
20220410,2574,12220,7500,12930,19570,24420,11860,14080,16460,27430,2156,2162,16960,2308,7620
20220409,2460,11980,7530,12930,18880,23400,11850,14160,16360,26440,2108,2074,16910,2285,7570
20220406,2556,12060,7630,12970,19000,23030,11870,14220,15910,25200,2105,2171,17220,2323,7640
20220405,2637,12300,7690,13050,19170,22980,11810,14310,16000,24200,2109,2124,17670,2348,7730
20220404,2615,12360,7380,13060,18990,22900,11770,13700,16100,23230,2021,2057,17160,2278,7750
20220403,2588,12160,7050,13130,19210,23820,11430,13540,16290,22200,1986,2033,17320,2206,7830
20220330,2471,11610,6900,13040,18310,24530,11010,13260,15630,21170,1933,1943,16580,2102,7480
20220329,2459,11510,6830,13070,17780,24370,10950,13200,15490,20370,1925,1897,16330,2051,7450
20220328,2554,11750,7020,13210,17760,23390,10760,13160,15890,20220,1925,1825,16550,2082,7530
20220327,2506,11670,7100,13160,17090,22640,10340,12900,15460,20050,1877,1744,16140,1986,7590
20220326,2474,11440,7030,13070,17090,22500,10310,12870,14830,20130,1840,1739,16090,1913,7540
20220319,2398,10940,6710,12980,17320,22330,10240,12860,14290,19990,1871,1700,16070,1825,7240
20220316,2284,10670,6450,12980,16670,22360,10160,12850,13610,19790,1785,1743,15400,1739,7060
20220315,2178,10520,6430,12920,15890,23180,10170,12890,12970,19160,1759,1800,15010,1657,6970
20220314,2108,10520,6510,12750,15470,23550,10210,12850,12840,18270,1769,1790,15050,1592,6960
20220313,2082,10510,6520,12520,15400,23830,10310,12740,12780,18270,1747,1761,15000,1593,6960
20220312,2087,10470,6470,11970,15320,24180,10350,12740,13040,18270,1769,1706,15130,1604,6970
20220309,2194,10590,6790,11970,15790,24590,10370,12960,13720,18270,1819,1631,15470,1687,7170
20220308,2112,10530,6520,11970,15810,25260,10400,12920,13410,18270,1843,1569,14810,1631,7170
20220307,2173,10740,6560,11960,15920,26270,10400,12380,13820,17780,1880,1569,14810,1672,7150
20220306,2202,10590,6260,11530,15810,26240,10290,12330,14360,17120,1898,1600,14530,1699,7060
20220305,2162,10170,5980,11450,16040,26150,10350,12430,13780,17480,1851,1613,14560,1681,6900
20220302,2061,10070,5830,11410,16010,26160,10470,12420,13130,16790,1814,1601,14570,1603,6690
20220228,2138,10110,5730,11290,15820,26940,10380,12420,13510,16010,1856,1650,14620,1648,6690
20220227,2113,10050,5720,11280,15580,27530,9890,12450,13520,15790,1801,1656,14430,1641,6760
20220226,2122,10240,5750,22150,15310,28820,9850,12450,13320,15340,1821,1677,14630,1654,6950
20220223,2215,10400,5770,22150,15290,30280,9910,12450,13980,14830,1822,1743,14920,1731,7030
20220222,2176,10400,5740,22150,14620,31090,9910,12440,13910,14180,1744,1741,14800,1711,7030
20220221,2167,10360,5530,22150,14690,30940,9940,12440,13260,13610,1761,1669,14590,1723,6980
20220220,2067,10490,5420,22150,14020,30410,10000,12440,12640,13000,1683,1599,13920,1646,7020
20220219,2056,10490,5520,22150,14200,30140,10200,12440,12420,12970,1703,1594,13880,1640,7020
20220216,1990,10490,5640,22140,14360,30020,10310,12490,11900,12800,1722,1540,13750,1603,7010
20220214,2020,10480,5700,22130,14510,30230,10370,12360,11990,12340,1748,1487,13800,1622,7010
20220213,1996,10220,5690,22130,14350,30100,10490,11820,11980,12140,1762,1437,13720,1611,6900
20220212,2050,10260,5790,22130,14520,29230,10540,11840,12060,12380,1786,1378,13760,1658,6950
20220209,2088,10330,5800,22020,14600,29240,10750,11830,11520,12680,1792,1328,13870,1687,6890
20220208,2048,10390,5790,22010,14640,29240,10880,11920,11450,12340,1872,1303,13880,1657,6920
20220207,1974,10440,5750,21980,14570,29570,11130,11930,11390,12960,1911,1269,13500,1606,6950
20220206,2044,10670,5720,21980,14660,29940,11300,11940,11590,13620,1887,1319,13340,1661,7030
20220205,2133,10810,5980,22080,15340,30010,11460,12240,11980,14210,1980,1384,13990,1733,7110
20220202,2124,10790,5880,22030,15260,30690,11450,12330,11960,14700,1894,1400,13680,1705,7100
20220201,2140,10760,5940,21920,15220,30970,11450,12400,12200,14130,1846,1424,13520,1693,7080
20220131,2060,10740,5970,21760,14760,30650,11440,12420,12210,13500,1803,1440,13390,1616,7070
20220130,1997,10660,5900,21530,14350,29650,11970,12450,11740,13140,1741,1429,13090,1570,7040
20220129,1979,10390,5620,20950,14030,29650,11930,12480,11550,13720,1719,1431,12480,1566,6860
20220126,1891,9920,5380,20950,13460,28620,12090,12470,11010,13750,1647,1375,12230,1502,6560
20220125,1816,9480,5130,20950,13410,28720,12340,12630,10890,14330,1726,1347,11970,1458,6290
20220124,1904,9560,5340,21210,14070,28990,12440,12700,11420,14860,1726,1413,12560,1520,6330
20220123,1873,9700,5410,21460,14590,28550,12480,12920,11810,15630,1726,1470,13180,1508,6560
20220122,1912,9970,5640,21480,14780,28080,12520,12940,12400,16360,1726,1542,13520,1552,6750
20220119,1934,9620,5390,21440,14680,28170,12730,12970,12570,16360,1726,1517,13530,1580,6720
20220118,1947,9580,5180,21180,14430,28160,12840,13090,12550,17080,1726,1537,13590,1577,6830
20220117,2034,9930,5420,21810,15070,29630,12950,13360,13160,17610,1726,1605,13750,1653,6970
20220116,1957,9990,5450,21940,15050,29660,13250,13370,13310,18130,1715,1623,13890,1624,7040
20220115,1957,10050,5570,22120,15010,29780,13490,13390,13530,18800,1761,1676,14180,1627,7110
20220112,2054,10100,5720,22400,15390,29950,13660,13440,14090,18800,1820,1648,14370,1700,7090
20220111,2069,10100,5740,22400,15420,29820,13800,13520,14220,18800,1838,1614,14400,1720,7070
20220110,2002,10030,5750,22380,15450,29300,13800,13540,14050,19730,1840,1603,14290,1709,7050
20220109,1933,10060,5880,22400,15570,28200,13890,13840,14080,20640,1830,1679,14130,1665,7110
20220108,1921,10360,6110,22480,15970,26900,13990,14050,13920,21380,1910,1759,14380,1679,7240
20220105,1833,10400,6080,22490,16030,26270,14070,14060,13970,22430,1879,1786,14260,1607,7250
20220104,1817,10390,6020,22450,16170,26500,14470,14000,14060,23610,1805,1767,14270,1600,7240
20220103,1881,10570,6140,22450,16620,27680,14640,13870,14260,24610,1793,1766,14320,1646,7260
20220102,1889,10570,6140,22420,16710,27180,14280,13930,14350,25820,1793,1698,14340,1637,7290
20220101,1905,10530,6120,22370,16900,25940,13650,13930,14290,26860,1786,1710,14370,1639,7210
20211229,1997,10820,6290,22570,17400,24740,14030,13960,14250,27190,1845,1774,15040,1711,7230
20211228,2010,10960,6400,22550,17540,24330,14270,14000,13680,28010,1864,1805,15320,1716,7280
20211227,1990,11100,6380,22540,17680,24910,13800,14080,13630,29470,1850,1789,15160,1708,7340
20211226,1905,10710,6240,22310,16920,23860,13250,14120,13380,29460,1798,1711,14540,1634,7050
20211225,1956,10810,6190,22230,16770,23560,13320,14150,13510,29730,1871,1699,14160,1662,7010
20211222,1960,10550,5920,21550,16050,23640,13410,13830,13550,28440,1834,1750,13500,1660,6720
20211221,1882,10120,5640,21040,15410,23490,13100,13250,12930,27140,1753,1681,13060,1595,6440
20211220,1858,9950,5480,21000,15000,23280,13500,13180,12540,25870,1702,1601,12880,1572,6210
20211219,1876,9700,5420,20790,15050,24130,13550,13250,12530,24730,1708,1536,12930,1552,6160
20211218,1953,9950,5650,20870,15170,25350,13590,13630,12720,25010,1758,1536,13070,1603,6310
20211215,1868,9870,5570,20610,15020,26030,13690,12990,12660,25870,1733,1536,13030,1528,6250
20211214,1921,9850,5570,20580,14670,25100,13790,12430,12670,26700,1722,1536,12740,1547,6190
20211213,2017,9790,5530,20650,14500,24190,13900,27680,12710,28090,1778,1593,12910,1625,6220
20211212,2076,10120,5700,21380,14910,23180,14010,27680,12890,29270,1778,1655,13370,1683,6370
20211211,2184,10410,5960,21770,15340,23190,14210,27680,13020,30030,1833,1732,13990,1770,6600
20211208,2221,10460,5990,22130,15420,23270,14700,27680,13000,29510,1772,1780,13980,1825,6610
20211207,2057,10260,5860,22410,15330,23380,14940,27680,12900,28440,1747,1802,14150,1756,6450
20211206,2057,10270,5870,22820,15420,24330,14990,26760,12990,29420,1792,1783,14320,1756,6460
20211205,2057,10320,5910,22840,15460,23860,15150,26920,13000,30680,1779,1705,14150,1756,6650
20211204,2057,10100,5760,23000,14770,24950,15430,26970,12960,30920,1756,1749,13510,1756,6650
20211201,2057,10070,5630,23120,14580,25300,15470,27740,13180,30320,1769,1825,13730,1756,6650
20211130,2057,10100,5780,23530,15030,25860,15590,27880,13470,30130,1847,1910,13890,1756,6650
20211129,2057,10220,5850,23540,15480,24730,15950,27820,13480,31560,1888,1940,14020,1756,6650
20211128,2057,10300,5860,23680,15600,25980,16350,27970,13520,32190,1845,1952,14250,1756,6650
20211127,2057,10280,5890,23620,15700,27170,16460,27950,13380,32900,1854,1960,14440,1756,13290
20211124,2057,10770,6160,23790,16480,28210,16540,28450,13890,33060,1936,2055,15000,1756,13290
20211123,2057,10910,6300,23860,16900,28950,16820,28610,14520,34090,2020,2149,15050,1756,13290
20211122,2057,11130,6310,23840,17030,30280,17190,28580,15010,33410,2064,2137,15260,1756,13290
20211121,2057,10880,6000,23840,16860,29950,17180,28390,14800,32090,2000,2065,15100,1756,13290
20211120,2057,10690,11020,23850,16740,28680,17200,28650,14840,31830,2013,2036,15050,1756,13210
20211117,2057,11160,11020,24040,17310,29600,17820,28690,15130,33130,2005,2036,15430,1756,13210
20211116,2057,11220,11020,24030,17350,30940,17730,28190,14860,34710,1980,2036,15360,1756,13280
20211115,2057,11280,11020,24030,17370,32500,18200,27930,15250,35630,1989,2102,15810,1756,13340
20211114,2057,11740,11560,24180,17920,33470,17350,28070,14720,34240,2070,2202,16390,1756,13750
20211113,2057,11750,11530,23940,18070,32860,16550,28250,14760,35050,2058,2273,16740,1756,13780
20211110,2057,11970,12090,24280,18370,31560,16220,28380,14350,36380,2138,2385,16800,1756,13810
20211109,2057,12010,11850,24080,18180,30320,16260,28620,13780,35930,2045,2236,16470,1756,13790
20211108,2043,11940,11320,23940,17740,31670,16360,28630,13760,35080,2036,2236,16160,1806,13540
20211107,1954,11940,11470,23850,17750,32220,16430,28790,13760,35830,2012,2236,16360,1752,13570
20211106,1864,12290,11670,23860,18360,33600,16750,28400,14150,36030,2075,2236,16600,1685,13870
20211103,1802,11930,11150,23130,17520,33180,16570,27100,13490,34340,1985,2236,15810,1630,13500
20211102,1718,11670,10940,23060,16900,33400,16520,25870,12970,33680,1916,2161,15290,1562,13280
20211101,1648,11400,10610,22560,16620,35070,16690,25800,12440,35450,1881,2071,15180,1500,13140
20211031,1574,10980,10120,21980,15850,36910,16840,25210,12140,36670,1796,2110,14850,1432,12670
20211030,1650,11310,10630,22450,16630,37400,16880,25470,12740,38220,1886,2191,15560,1502,13010
20211027,1706,11480,10920,22540,17070,39250,17030,26060,13270,38060,1902,2284,15840,1558,13310
20211026,1698,11050,10780,21990,17180,41200,17380,26590,13140,39430,1866,2372,15870,1555,13130
20211025,1679,10960,10790,22070,17350,42220,17810,26720,13220,40280,1891,2486,16130,1551,13090
20211023,1676,10990,11300,22470,18030,43050,17900,27080,13820,38850,1979,2564,16870,1568,13300
20211020,1758,10550,11880,22730,18930,45300,18120,27270,14380,37130,2078,2677,17650,1647,13530
20211019,1780,10770,12330,22720,19170,46440,18270,27200,14520,35910,2034,2708,18200,1681,13820
20211018,1706,10630,12160,22610,19100,44760,18790,27350,13870,37800,1949,2744,17990,1612,13690
20211017,1704,10600,12260,22520,19400,44760,19360,27420,13790,39610,2016,2885,17440,1610,13440
20211016,1768,10550,12720,22530,18760,44760,18960,27510,15080,39740,2092,3019,17320,1659,12880
20211013,1704,10050,12700,22100,17890,42850,19020,27200,15080,37990,2054,3042,16520,1607,12270
20211012,1744,10070,13300,22150,18770,40840,19210,28610,15080,36220,2154,3190,16910,1630,12450
20211011,1831,10310,13980,22760,19730,39250,19450,30090,15080,37380,2259,3333,17380,1710,12790
20211010,1830,10280,14110,22710,19730,37390,20170,30610,15080,38370,2239,3304,17280,1715,12680
20211009,1863,10380,14210,22820,19730,36200,20260,30790,15150,37780,2291,3300,17140,1747,12850
20211006,1944,10670,14680,22920,20490,34520,20600,30920,15150,36280,2355,3275,17110,1826,13060
20211004,1932,10830,14030,22680,20450,32880,20500,30880,15150,34630,2327,3402,16820,1823,13000
20211003,1878,10860,13620,22670,20650,31320,20630,30950,14960,34930,2335,3251,16590,1773,13000
20211002,1839,10900,13760,22680,20920,29830,20740,31450,15090,33680,2376,3150,17250,1733,13220
20210929,1845,10480,13200,21980,21370,28850,20760,31610,14960,32130,2352,3054,17620,1721,12980
20210928,1833,10440,13160,21950,21480,28850,20370,31940,15040,30600,2270,2936,17740,1700,12930
20210926,1862,10500,12980,21930,21300,28850,20780,31840,15140,29490,2292,3070,17820,1727,12850
20210925,1885,10550,13050,21990,21120,28990,21530,31480,14970,28940,2345,3187,17930,1753,12590
20210922,1814,10100,12440,21370,20360,28890,21980,30390,14280,28360,2301,3287,17220,1687,12050
20210921,1855,10140,12080,21280,20710,29410,22840,31720,14650,27020,2399,3422,17570,1734,12010
20210920,1944,10480,12420,21980,21740,30890,23380,33310,15370,25780,2505,3291,18380,1814,12350
20210919,1944,10440,12270,21860,22100,30840,24430,34640,15290,26840,2482,3439,18430,1818,12180
20210918,2004,10710,12560,22550,21740,31150,24870,35000,15930,27960,2609,3614,19140,1869,12570
20210915,2103,11220,13140,23710,21690,32660,25840,34100,16670,28830,2729,3783,19860,1959,13110
20210914,2122,11310,13330,23840,21050,32530,27080,34170,17020,29140,2787,3920,19520,1962,13220
20210913,2074,11180,12930,23660,20060,33010,28260,33970,16660,29080,2718,4009,18630,1891,13130
20210912,2059,11260,13270,23720,20130,33370,28690,34550,17340,30320,2843,4213,18920,1863,13360
20210911,2160,11580,13910,24900,21160,32290,29310,35340,18170,31410,2987,4410,19880,1954,13910
20210908,2178,11600,13810,24720,22110,31950,28480,36330,18140,31120,3078,4539,20780,1988,13670
20210907,2160,11590,13770,24600,22060,32430,28450,37400,18070,31200,2974,4529,21060,1987,13620
20210906,2251,11800,14080,24500,23090,32810,28760,37870,18570,32490,3039,4740,21760,2061,13810
20210905,2276,11890,13920,23500,23420,32600,28520,37850,18860,34010,2929,4803,22170,2074,13820
20210904,2253,12060,14250,23690,24330,31530,29580,37230,18170,32930,2870,4595,23000,2055,14010
20210901,2229,12040,14100,23640,23600,32970,30000,36740,18020,33280,2739,4756,21930,2045,13860
20210831,2220,11930,14060,23390,22900,32550,29360,36520,18040,32350,2609,4809,21080,2039,13720
20210830,2319,12100,14650,23230,23880,31270,29370,37410,18920,32500,2632,4869,22070,2131,13950
20210829,2436,12630,15390,24390,25070,32760,29160,39010,19890,33170,2761,5125,23200,2241,14640
20210828,2474,12510,15610,25230,25590,33150,27920,39930,20180,31610,2852,4590,23670,2273,14480
20210825,2364,12370,14990,25020,24520,33120,26610,38850,19340,30310,2802,4590,22740,2168,14350
20210824,2343,12470,14970,24660,24610,34490,25870,38960,19330,30560,2762,4590,23020,2149,14440
20210823,2294,12250,14680,24580,24670,35300,25470,37970,18410,30700,2631,4590,23010,2120,14220
20210822,2300,12360,14830,24590,25340,34820,24580,38440,17850,29350,2506,4590,22060,2132,14310
20210815,2193,12330,14470,24340,25270,33320,24430,37780,17660,30410,2394,4590,21130,2034,14360
20210814,2139,12210,13870,23990,24270,34850,25460,37820,17460,31120,2319,4590,20170,1980,14300
20210811,2042,12280,13670,23940,25430,33480,26600,39210,17480,29930,2335,4590,21120,1890,14500
20210810,2036,11790,13060,23320,24230,31940,26220,37920,17500,29930,2338,4590,20910,1869,14070
20210809,2015,11330,13080,22880,24170,30700,26370,36580,16690,30310,2367,4590,19970,1851,13970
20210808,1990,11000,12980,23040,24000,30730,26360,36450,16010,28920,2302,4590,19750,1802,13860
20210807,2010,10550,12680,22780,22890,31030,27000,36660,16310,27800,2206,4590,19060,1812,13920
20210804,1971,10550,12710,22890,22650,30780,27000,35990,16680,26760,2191,4590,19290,1744,14020
20210803,2001,10950,12240,22220,21850,30330,27000,37120,16640,27690,2218,4590,18480,1762,13490
20210802,2074,10950,12040,22040,21940,30210,28320,36810,16450,27900,2274,4590,18020,1814,13310
20210801,2013,10950,12050,22020,21650,29530,27160,35310,16570,27720,2299,4590,18540,1736,13590
20210731,2024,10950,12180,21900,22320,29750,26140,35560,17020,26550,2276,4590,18550,1720,13540
20210728,2041,10600,11850,20920,21890,30150,26410,34090,16880,25340,2279,4590,17690,1682,12950
20210727,2041,10540,11880,20620,20890,31440,27180,34260,17530,24340,2332,4590,16880,1729,12390
20210726,2041,10790,13760,19680,21660,31520,27730,35950,18320,23260,2388,4590,17560,1809,12650
20210719,2041,10490,13760,18800,22560,31520,27730,34720,18580,22200,2285,4590,18330,1811,12650
20210718,2041,10490,13760,18550,22620,31520,26560,33090,17820,21790,2281,4590,19090,1831,12650
20210717,2088,10660,13760,18840,21600,31170,25420,33020,17770,22840,2340,4590,18670,1891,12750
20210714,2090,10670,13170,18910,21200,29690,26640,34140,17030,23210,2340,4590,18330,1882,12670
20210713,2060,10830,13030,19090,21730,28410,26690,34580,16340,23790,2323,4590,18020,1848,12770
20210712,2095,10850,12970,18250,21520,28040,26710,35360,16560,23980,2399,4590,17560,1888,13020
20210711,2081,10540,12650,17470,20500,28700,26730,34550,16640,23890,2354,4590,16860,1877,12880
20210710,2023,10260,12280,18770,19560,28570,26740,33200,16470,23280,2343,4590,16060,1843,12660
20210707,2071,10460,12840,20070,19070,29700,26790,34110,17120,22340,2306,4590,16490,1894,12870
20210706,2105,10690,13060,18100,18660,30570,26800,32500,17660,23040,2218,4590,17060,1923,12760
20210705,2083,10260,12590,18100,17780,31520,26820,33630,17230,23390,2172,4590,16350,1902,12210
20210704,2063,10270,12090,18100,17140,31740,26830,33370,16570,23550,2082,4590,16090,1891,12050
20210703,2089,10250,12470,18100,16570,31740,26840,34290,16260,23510,2155,4590,16310,1915,12040
20210630,2174,10630,12930,18100,17050,31760,26840,32730,16900,23760,2245,4590,16100,1990,12240
20210629,2184,10670,12820,18100,16830,31850,26840,31180,16930,23650,2274,4590,15600,2008,12240
20210628,2163,10610,12990,17800,17570,31870,26840,29770,16180,22720,2253,4590,15460,1942,12140
20210627,2191,10650,13270,17610,16930,31960,26850,29830,16500,22080,2166,4590,14940,1928,12220
20210626,2117,10800,13530,17570,16130,31990,26870,30100,16030,23000,2149,4590,14670,1849,12420
20210623,2116,10590,13090,17470,15530,32070,27080,30050,15270,24120,2135,4590,14170,1835,12310
20210622,2089,10210,12920,16690,14090,33190,27090,30390,14690,26640,2121,4590,13540,1765,11830
20210621,1993,10080,12550,16360,16460,34840,27210,30800,14030,26650,2096,4590,12940,1681,11540
20210620,1940,10140,12660,16330,16460,35980,27270,30890,13530,26650,1979,4590,13040,1624,11600
20210619,2023,10090,12650,16280,16460,35980,27270,30930,13810,26660,1979,58120,13410,1691,11880
20210616,2049,9920,12280,15950,16460,35980,27270,30660,13690,26660,1925,58120,13210,1702,11980
20210615,2083,9920,12090,15660,16750,35980,27270,30460,14160,26730,2005,58120,13130,1727,12150
20210614,2038,9850,11940,15140,17140,36060,27270,30860,14170,26800,2038,58120,13130,1664,12250
20210613,1942,9720,11440,14530,17260,36420,27270,31520,13530,26880,2015,58120,12680,1664,12060
20210612,1916,9740,11310,14380,16940,36310,27270,31680,13670,27130,2000,58120,12230,1664,12050
20210609,1947,9770,11360,14320,17310,35020,27270,32040,13890,27130,2035,59100,12400,1715,12090
20210608,1894,9930,11360,14390,18090,34860,27270,30640,13810,27130,2103,59160,12830,1701,12380
20210607,1808,10010,11410,14460,17670,33960,27270,30540,13190,27130,2085,59390,12320,1628,12440
20210602,1738,9840,11170,14450,16880,32660,27370,30620,12660,27140,1991,59520,11760,1565,12460
20210601,1686,9650,10760,14510,16220,31240,27390,30850,12620,27140,1924,59630,11610,1522,12390
20210531,1740,9640,10730,14520,15960,30160,27420,31280,13090,27150,2014,59640,11620,1581,12460
20210530,1814,9770,10470,14550,16180,30700,27430,31800,13630,27150,2096,59760,12100,1642,12730
20210529,1767,9390,9980,14040,15900,29520,27470,32070,13710,27160,2075,59760,12300,1606,12400
20210526,1688,8970,9530,13390,15210,29200,27480,32650,13110,27160,2107,59760,11730,1536,11830
20210525,1682,8900,9490,13360,14650,29200,27480,33480,13470,27160,2166,60250,11360,1544,11790
20210524,1635,8870,9060,13280,14290,29200,27480,33780,13450,27320,2378,60300,11360,1504,11380
20210523,1674,12440,9020,13340,14090,29930,27480,34370,14090,27820,2384,60320,11460,1579,11450
20210522,1749,12440,9470,13490,13650,30080,27490,35020,14180,27820,2385,60430,11460,1653,11860
20210519,1840,12440,9950,14190,14350,30080,27490,35420,14670,27820,2387,60450,12060,1740,12460
20210518,1919,12440,10470,14260,15020,31660,27490,36270,15170,27820,2390,60510,12680,1821,12960
20210517,2010,12470,10470,14150,15440,32050,27490,37290,15800,27820,2393,60620,13300,1912,12700
20210516,2041,12740,10870,14370,15510,32080,27490,37470,16510,27820,2401,60710,13680,1943,13060
20210515,1950,12910,10940,14500,15810,33760,27490,37520,16240,27930,2435,60790,14380,1851,13210
20210512,1936,12730,10520,13820,15290,35530,27490,40020,15950,27950,2456,67540,14860,1851,12990
20210511,1945,12660,10150,13710,14940,35530,27490,40020,16160,27950,2459,67540,18640,1851,12950
20210510,1858,12020,9640,13220,14270,35530,27490,40020,16320,27950,2462,67570,19870,1816,12350
20210509,1894,11580,9700,13180,14020,35540,27490,40320,16480,28000,2463,67580,19870,1859,11850
20210508,1952,11930,10000,13360,14420,35540,27490,40460,16490,28000,2476,67630,19870,1865,12180
20210505,1999,11970,10210,13400,14660,35540,27490,40580,16510,28000,2477,67640,19870,1913,11830
20210503,2058,11720,10510,13400,14780,35540,27490,40600,16620,28000,2478,67650,19870,1971,11230
20210502,2079,12070,10560,13710,15190,35540,54980,40600,16750,28000,2479,67660,19870,1980,11570
20210501,2100,12420,10680,13970,15590,35540,54980,40600,16900,28000,2480,67660,19870,1990,11920
20210428,2120,12770,10850,14020,15980,35540,54980,40610,17350,28000,2480,67660,19880,1990,12210
20210427,2060,12660,11000,13980,16150,35540,54980,40660,17840,28000,2480,67670,19890,1940,12040
20210426,2020,12040,10670,13850,16620,35540,55010,40800,17990,28000,2480,67670,19890,1970,11430
20210425,2080,11760,10990,14230,16670,35540,55080,40940,18010,28000,2490,67670,19890,2030,10960
20210424,2100,12000,11030,14380,16710,35540,55100,40940,18020,28000,2490,67710,19890,2040,11260
20210421,2160,12110,11120,14520,16870,35540,55100,41010,18050,28000,2490,67710,19970,2070,11040
20210420,2220,12350,11460,14600,18270,35540,55110,41030,18080,28000,2490,67730,19970,2130,11280
20210419,2240,12290,11630,14640,18270,35540,55110,41090,18180,28000,2500,67920,19970,2170,11140
20210418,2280,12470,11850,14810,18280,35940,55110,41090,18200,28000,2500,67920,20020,2180,11160
20210417,2290,12700,12090,14870,18290,36590,55120,41090,18210,28000,2500,67920,20090,2180,11380
20210414,2330,12950,12330,15040,18420,37320,55130,41160,18230,28000,2500,67920,20090,2200,11600
20210413,2360,12980,12520,14860,18540,37760,55130,41220,18360,28000,2510,67930,20110,2240,11730
20210412,2310,12310,12000,14640,18690,37760,55140,41390,18370,28000,2550,68070,20450,2250,11300
20210411,2340,12230,12200,14630,18750,37760,55150,41630,18730,28000,2560,68070,20450,2290,11510
20210410,2380,12470,12440,14760,18970,37760,55150,41710,18830,28000,2560,68070,20450,2300,11740
20210407,2400,12720,12690,14910,19040,38300,55150,41920,19110,28000,2560,68480,20540,2300,11910
20210406,2440,12960,12940,14910,19240,38470,55150,42080,19450,28000,2600,68480,20620,2320,12140
20210405,2470,13020,13060,14890,19460,36680,55150,42320,19300,28000,2650,68490,20940,2350,12150
20210404,2520,13230,13280,14850,19520,36040,55150,42460,19400,28000,2680,68560,20910,2390,12310
20210403,2540,13490,13550,15130,19530,34000,55160,42540,19750,28010,2680,68560,20920,2400,12560
20210331,2560,13760,13820,15190,19550,33910,55170,42630,19460,28020,2690,68560,20940,2410,12810
20210330,2610,13970,14050,20070,19930,33860,54530,42590,19830,28030,2730,68570,21030,2450,13040
20210328,2650,13800,14140,20070,20240,34360,52420,43050,20090,28050,2770,68600,20810,2480,13230
20210327,2630,14060,14390,20070,20510,33930,52620,43140,20250,28080,2810,68630,19550,2450,13430
20210317,2540,14170,14670,20070,19980,32270,52810,43170,19360,28170,2780,68740,19550,2360,13610
20210316,2560,13500,14180,20060,18900,31210,52820,43220,19670,28230,2800,68830,19200,2350,13260
20210315,2470,12740,13470,20060,17970,30160,52860,43280,19190,28470,2770,69020,19080,2250,12610
20210314,2500,12740,13190,20060,18270,28460,52860,43590,19480,28470,2670,69320,19160,2260,12570
20210313,2380,12740,13270,19180,18010,27860,52860,43720,19560,28470,2540,69400,19350,2160,12470
20210310,2410,12500,12670,18670,18360,27890,52870,43870,19600,28510,2540,69430,19400,2190,12230
20210309,2450,12590,12830,18510,18720,27910,52890,44050,19640,28510,2590,69450,19600,2220,12410
20210308,2400,12410,12170,18390,18940,27910,53170,44090,19930,28510,2600,70230,19710,2200,12350
20210307,2400,11780,11530,17930,18490,27910,53180,44160,20090,28510,2640,71640,20000,2210,11970
20210306,2440,11570,11240,17820,18360,27920,53180,44260,20110,28510,2650,71660,20250,2250,12080
20210303,2450,11740,11450,17850,18720,27930,53190,44310,20130,28510,2660,71870,20500,2260,12320
20210302,2490,11820,11660,17820,19030,28010,53200,44430,20150,28510,2690,71880,19470,2290,12560
20210301,2530,11560,11550,16980,18610,28260,53270,44560,20230,28540,2730,71890,18430,2320,12650
20210228,2580,11390,11730,16860,18580,28260,53410,44620,20290,28670,2760,72120,17850,2360,12860
20210227,2590,11600,11920,17160,18940,28260,53640,44910,20410,28670,2770,72130,17470,2360,12970
20210224,2640,11830,12160,17470,19320,28260,53350,45050,20580,28670,2810,72150,17180,2400,13230
20210223,2670,11810,12720,17450,19550,28510,53380,45090,20630,28710,2860,72230,16420,2410,13150
20210222,2720,11650,12720,17550,19020,28510,53500,45190,20730,28730,2910,72290,16620,2440,12670
20210221,2730,11870,12750,17780,19310,28540,53780,45230,20800,28740,2930,72300,16780,2450,12570
20210220,2740,12090,12840,18130,19600,28740,53810,45440,20830,28820,2940,72330,17100,2460,12780
20210217,2760,12200,13050,18050,19500,29000,54020,45830,21020,28850,3000,72440,17270,2490,12130
20210216,2800,12430,13070,18110,18500,29450,54960,45820,21320,29000,3050,72970,16340,2530,12280
20210215,2850,12660,13300,18070,18860,29780,54150,45910,21560,29190,3110,72700,16340,2580,12460
20210214,2890,12770,13400,18150,19110,28140,51650,45840,21770,29740,3170,70440,16640,2600,12160
20210213,2910,12580,12930,18410,19260,28040,48910,45600,22000,29890,3200,66910,16930,2490,11520
20210209,2750,11870,12200,17990,18420,28320,47410,44210,20820,29240,3030,63420,16040,2350,10870
20210208,2630,11340,11690,17810,18300,27720,49650,44200,20430,28380,2990,63420,15410,2260,10400
20210207,2570,10810,11170,17050,19080,26520,50790,44300,21000,28050,3110,63420,14730,2170,9930
20210206,2460,10300,10720,16250,18240,25980,49610,44860,20180,28160,3000,66490,14140,2080,9470
20210203,2570,10780,11260,16990,19160,25270,50120,45590,21240,28220,3100,67960,14640,2170,9940
20210202,2650,11230,11690,17610,19330,24390,52430,45940,21960,29110,3200,67640,15050,2230,10300
20210201,2680,11750,12250,17910,18440,24480,55100,46070,21220,27850,3340,64420,14540,2240,10780
20210131,2770,12090,12520,18070,18720,24130,56420,48220,20310,26780,3480,61360,15030,2300,11220
20210130,2730,12220,12050,18250,17890,23690,57700,48400,19400,27980,3460,58440,15550,2220,11290
20210127,2610,11670,11490,17580,17040,23280,55570,48210,18510,28790,3300,55660,14820,2120,10780
20210126,2670,11680,11190,17480,16520,22790,58240,48990,19280,30150,3460,54190,14480,2170,10930
20210125,2750,11790,10890,17830,17190,22270,59170,49510,20120,31550,3550,56310,15070,2240,11220
20210124,2730,11620,10530,17700,17140,21720,61870,50820,20550,31780,3890,57280,15430,2210,11170
20210123,2680,11210,10040,17190,16550,20800,61970,51910,20690,33000,3890,58130,15150,2150,10890
20210120,2560,10680,9570,16380,15770,20570,60440,49460,19720,34050,3890,60630,14480,2050,10380
20210119,2450,10200,9130,15600,15170,20370,58150,49220,18830,34550,3890,61060,14640,1960,9910
20210118,2360,9810,8890,15140,14620,19620,57720,48900,19300,34450,3890,61220,15310,1930,9890
20210116,2450,10320,9340,15910,15210,20190,59030,49920,19790,35830,3890,61540,15450,2020,10410
20210113,2540,10840,9810,16710,15510,20190,59230,52300,20650,35610,3960,64470,15760,2100,10950
20210112,2630,11300,10250,17080,16220,20190,58320,52920,21020,34170,4110,67860,15820,2140,11440
20210111,2750,11870,10760,17920,16960,19230,56810,53840,22070,32550,4300,70680,16340,2240,11980
20210110,2850,11780,11060,17970,16250,19000,55970,53980,21120,31200,4510,67370,15740,2260,12440
20210109,2740,11260,10620,17840,15620,18810,54920,51950,20180,29820,4480,70210,15910,2160,12260
20210106,2810,11780,11100,18450,16140,18430,52840,54480,19780,29770,4670,73900,16690,2120,12870
20210105,2940,12320,11640,19090,16960,19110,50510,57120,20770,30230,4840,77510,17520,2220,13440
20210104,3080,12690,12150,19900,17310,19020,48750,54410,21740,29040,5030,77740,16880,2300,13830
20210103,2980,12640,11900,19760,16720,19380,46780,52410,21380,29170,5190,76490,17050,2200,13660
20210102,2970,12600,12230,19630,17400,19720,46430,50070,22190,29690,5050,78840,17790,2150,13550
20201230,3110,13220,12850,20350,18300,19980,47220,52370,23310,30080,4910,80540,18620,2250,14200
20201229,3190,13360,13320,19770,18950,19270,48800,54020,24350,30420,4910,80540,17850,2310,14570
20201228,3340,13640,13820,19650,19780,19170,49400,56610,25340,31020,4910,80540,17350,2410,15100
20201227,3230,13500,13190,18910,20770,19230,49160,58830,24280,31470,4910,84530,17970,2320,14940
20201226,3310,13560,13220,18940,20400,20130,50510,59040,24890,32710,4910,88190,17120,2400,14950
20201223,3460,14030,13840,19340,19440,19230,51990,59020,26040,32560,4910,88190,16410,2510,15580
20201222,3500,14250,14150,18650,18590,18320,50370,57990,25750,31010,4680,88190,15640,2570,15690
20201221,3380,14330,14310,18140,17920,18180,48830,56060,25410,29540,4510,86930,15020,2480,15910
20201220,3510,14510,14720,18540,17690,17830,47470,54570,26520,28560,4650,86930,15310,2570,15900
20201219,3660,14600,15320,18690,17910,17670,48810,52410,27730,29410,4840,86930,16060,2670,15700
20201216,3640,13930,15740,18000,17190,17230,51020,49920,27000,29630,4610,86930,15790,2660,14970
20201215,3620,13840,16550,17230,17710,17300,51910,48290,28350,30560,4660,91030,15710,2760,14600
20201214,3810,14550,17420,18120,18640,17310,50970,50340,29840,30850,4810,95500,16500,2900,15350
20201213,3910,15110,17960,18830,19300,17480,49480,51220,30580,31760,4590,91820,15970,2980,16010
20201212,4070,15160,17480,19230,20120,17570,47740,53580,32010,31910,4470,87470,16730,3110,16660
20201209,4160,14440,17470,19340,20290,17620,46030,54090,32040,30580,4620,84730,16890,3210,16060
20201208,4170,14320,17980,19960,19440,17850,44630,52810,30730,29130,4520,83920,16350,3280,16100
20201207,4180,14320,18710,20880,19130,17900,43990,50980,31640,30270,4400,87280,16180,3320,14050
20201206,4300,14560,19130,21460,19460,17930,42430,48940,32580,31240,4420,91480,15890,3220,14050
20201205,4110,14310,18380,20730,18570,17890,43310,46660,32490,32190,4210,89610,15720,3070,27720
20201202,3990,14320,18700,19980,17840,17740,43790,45400,31110,32300,4050,86160,15320,3070,27720
20201201,4080,14420,19110,20460,18270,17450,44390,44190,29890,31040,4060,82330,14750,3070,27720
20201130,4150,14250,18590,20150,18700,17040,45280,43420,30940,29840,4180,79060,14580,3070,27720
20201129,4000,13740,18560,19370,18250,16460,44520,42740,30090,28750,4160,75480,14330,2930,27720
20201128,3850,13650,18490,19160,17650,16380,43100,41020,28660,29850,3990,72170,14030,2830,27720
20201125,4030,13120,17790,18930,18050,16370,42460,41100,27370,29750,3960,69100,13460,2960,27080
20201124,4060,12640,17290,19040,17960,16450,42490,42050,26240,31100,3800,71480,13380,2940,26080
20201123,3940,13190,17250,19900,17630,16570,42500,43260,25170,31140,3630,69350,13120,2860,27260
20201122,3880,13390,16430,19120,16810,16880,42540,43440,26140,31220,3610,66050,12990,2730,27010
20201121,3970,13970,15810,18490,16480,16900,42550,43460,27400,31220,3760,65170,12770,2690,26330
20201118,3990,14210,15060,17610,15870,17090,42600,42510,27800,31220,3900,67310,12500,2610,25170
20201117,3810,13560,14350,16830,15160,17510,42720,41060,26600,31330,3800,67310,12290,2490,23980
20201116,3650,12970,13670,16100,14540,17710,42730,43140,25490,31580,3660,67310,12100,2380,22840
20201115,3510,12660,13210,15770,13940,17710,42740,43920,25890,31580,3640,70650,11810,2290,21910
20201114,3410,12310,13590,15310,13460,17860,42760,44350,25270,31590,3580,73920,11270,2190,20880
20201111,3250,11760,13590,14710,12960,18530,42880,45810,24070,31680,3430,73340,10840,2110,19890
20201110,3160,11600,13590,14230,12920,18560,42880,46620,22940,31690,3390,76970,11140,2050,19360
20201109,3100,11540,13590,13670,13350,18590,42880,47280,24000,31690,3550,77940,11430,2080,19060
20201108,3190,12040,13590,14370,14000,18610,42880,47930,24580,31700,3630,77940,11800,2170,19980
20201107,3350,12300,13590,15120,14120,18460,42880,47940,25860,31700,3640,77940,11810,2280,20810
20201104,3280,12940,13590,15850,14850,18460,42880,48430,26810,31700,3690,78890,11880,2320,21900
20201102,3420,12330,13100,15110,14240,18500,42890,49000,28220,31700,3810,82890,12040,2420,20860
20201101,3290,12510,13780,15120,14790,18820,42890,49550,28550,31700,4010,87130,12450,2410,20910
20201031,3290,13010,14450,15270,15430,18820,42900,49650,28850,31700,4100,84090,12950,2440,21540
20201028,3150,12440,14130,14570,14730,18820,42950,49430,30360,31730,4170,80280,13010,2250,20580
20201027,3040,12500,14870,14460,15140,18860,42960,50010,30890,31750,4270,76460,13480,2250,20790
20201026,3070,13080,15650,15180,15790,19010,42990,50050,32120,31750,4290,72820,13500,2310,21800
20201024,3160,13740,16470,15960,16620,19010,42990,50050,33800,31750,4310,74000,13550,2430,22900
20201021,3320,14330,17330,16750,17310,19010,43060,50120,34100,31760,4390,77330,13720,2530,23990
20201020,3200,14710,17690,16740,16510,19010,43070,50480,35890,31950,4540,79740,13650,2560,23610
20201019,3360,15480,18620,17600,17000,19010,43070,50500,37700,31980,4750,81840,14280,2670,24850
20201018,3530,16290,19600,18520,17490,19010,43070,50560,39610,31990,4790,82540,14790,2800,26150
20201014,3690,17030,20510,19470,18070,19010,43090,50650,41690,32020,4820,86580,15410,2850,27470
20201013,3880,17580,19540,20290,18740,19010,43170,51140,43880,32160,4800,90470,15010,3000,28240
20201012,3730,17600,18610,21260,17870,19030,43290,51780,46180,32180,4770,92490,14690,3040,28310
20201011,3580,18230,16830,22120,17020,19050,43920,52180,47360,32270,4550,93560,14280,2950,29200
20201010,3410,17490,25080,21530,16500,19280,44930,52190,46050,31140,4410,89110,13990,2820,27950
20201007,3250,18000,25080,22030,16250,19330,45140,52720,46050,30250,4280,86940,13800,2690,28650
20201006,3100,17860,25080,21950,15890,19540,45660,54450,46050,28940,4140,84950,13620,2570,28270
20201005,2960,17860,25080,21850,15720,19670,46250,56790,46050,28030,4060,80910,13440,2450,28210
20201004,2870,18210,25080,22850,15410,19670,46290,56880,46050,28110,4060,77930,13350,2370,29320
20201003,2740,18710,24360,23750,15860,19670,46330,57560,46050,28120,4160,75190,12800,2260,30030
20200930,2610,17920,23310,22750,15120,19670,46720,57270,46050,28190,4210,74470,12430,2160,28730
20200929,2520,17500,24210,21870,15150,19670,46770,57140,46050,28190,4260,76520,13080,2190,28190
20200928,2640,17930,25480,22040,15930,19860,46790,57590,46050,28200,4300,76960,13740,2300,29200
20200927,2770,18870,26820,23190,15970,19870,46790,57670,46050,28200,4310,77360,20030,2370,30730
20200926,2910,19810,27780,24040,16570,19870,46800,57980,46050,28200,4340,77870,20030,2410,32180
20200923,2970,19880,28520,24280,16710,19910,46900,57760,46050,28230,4540,81700,20050,2470,33380
20200922,2910,19130,29040,23570,16580,20210,47870,57460,46050,28240,4680,85540,20090,2510,32760
20200921,3040,19530,30470,24230,17420,20390,47880,59510,30540,28240,4920,89400,20150,2630,33790
20200920,3200,20550,32030,25500,17600,20650,47880,59610,30580,28240,4970,92740,20170,2760,35560
20200919,3350,21330,32080,26300,18490,20650,47900,61000,46080,28260,5060,97580,20190,2900,37120
20200916,3510,20550,34610,25070,18580,20650,48760,58480,46080,28260,5290,99700,20260,3040,36990
20200915,3410,19600,34610,23880,17780,20750,49330,58480,46080,28740,5170,95070,20750,3000,35390
20200914,3430,18670,34610,22910,16940,20960,50130,58480,46080,29830,4940,91550,21640,2860,33750
20200913,3430,17860,34610,21880,16870,21000,50300,58480,48500,30430,4790,95690,21720,2860,32400
20200912,3430,17560,34610,20870,17560,21030,50320,58480,50500,30450,5200,99220,21730,2860,32890
20200909,3430,16740,34610,19880,17830,21060,50720,58480,51980,30900,5210,102500,22810,2860,31340
20200908,3430,17130,34610,19080,18680,21600,51440,173430,54010,30930,5590,107680,22920,2860,31700
20200907,3430,18030,34610,19990,18740,22090,51450,173430,54370,30940,5590,107960,22940,2950,33360
20200906,3550,18930,34610,20860,18880,22100,51480,173430,54840,30950,5620,110300,22970,3100,34880
20200905,3670,18380,34610,19930,19640,22150,51590,173430,57720,30990,5810,107860,23060,3170,33510
20200902,3820,17610,34610,18990,20600,22360,51950,173430,60750,31530,6100,103870,23290,3300,31940
20200901,3990,18500,36430,18910,20860,22330,52010,173430,61540,32000,6190,106460,23360,3420,33150
20200831,4190,18720,38040,19790,21950,21980,52030,173430,63050,32450,6330,110860,23490,3600,32090
20200826,4260,17910,36790,18970,22880,21300,52570,165190,64880,32350,6600,106640,24000,3670,30570
20200825,4060,17060,35040,18070,21830,20730,52720,157630,62000,30810,6310,101940,23570,3500,29120
20200824,4020,16250,33630,17330,22320,21520,54320,151920,62900,30380,6390,101490,23450,3430,27740
20200823,4230,16830,35340,17710,22740,21530,54390,152550,65240,31970,6510,103480,23560,3610,27060
20200822,4450,17570,36860,18570,23200,21540,54500,153890,66630,32310,6850,108120,23650,3740,27970
20200819,4610,17180,37910,17940,23880,21560,55030,152800,68730,32470,7120,111930,24600,3810,26830
20200818,4850,18080,39900,18850,24600,21570,55290,149920,72340,33180,7490,116600,25100,3980,28200
20200817,4670,18300,41990,18100,23950,21700,53890,144930,71170,31960,7330,116580,24710,3800,29270
20200816,4870,17440,41990,17750,23050,21710,52340,140870,74780,32750,7590,122450,25310,3880,27940
20200815,5120,18200,44200,18620,24130,21710,53390,146400,78710,33400,7860,128890,26570,4080,29360
20200812,5380,19060,46520,19600,25240,21710,54340,152710,82850,33930,8200,135410,27040,4290,30870
20200811,5430,18620,47740,20270,25450,21710,56210,145520,83240,32690,8250,135450,28180,4510,31530
20200810,5710,19280,50250,21310,26730,21890,58240,142530,87120,33600,8680,142020,28430,4740,33060
20200809,6010,20720,50410,21890,28030,22140,59950,139960,83470,33390,9070,146530,29110,4980,33000
20200805,6320,20940,48010,20910,29070,22070,62650,133870,79500,31920,9230,151170,29550,5250,31450
20200804,6300,20940,47180,20650,27700,22280,65880,130730,75860,31820,9680,144140,28240,5250,30380
20200803,6630,20940,49330,21260,28150,22250,68190,131170,75400,30320,9910,138990,29720,5510,31840
20200802,6970,21430,50680,22160,29030,22410,65270,132100,79360,29690,10170,132380,31270,5740,33340
20200801,7030,20650,48840,21420,30160,22340,63250,136080,76620,28310,9840,126080,32380,5490,33200
20200729,7020,19750,47320,20490,28980,22240,61520,133370,74240,27170,10140,120080,31100,5230,31820
20200728,7380,20710,49810,21390,30310,22450,59390,131720,71020,26480,9700,114370,32680,5030,33410
20200727,7660,21190,49070,21600,29110,22720,57020,131690,67640,25900,9240,108930,34080,5170,34170
20200726,6330,22210,48270,22640,30550,22980,59850,136400,65900,27210,8800,103750,34880,4930,35900
20200725,6330,23180,46530,22810,32030,22930,61610,130220,65900,28170,8390,108240,36090,4260,37410
20200722,6330,22690,44320,21790,32680,23400,64500,124710,63570,28710,8030,109330,37980,4260,35970
20200721,6330,23640,42210,22450,32100,23890,65580,130090,60810,30050,8200,114990,39520,4260,35970
20200720,6330,23260,44250,23430,30580,24540,66930,134450,58320,31150,8590,120520,38110,4260,35970
20200719,6030,22170,37620,22580,29130,25630,63970,137780,55550,32120,8800,116320,36300,4260,35970
20200718,5750,21870,37620,21520,27750,25930,62230,135800,54820,33210,8910,111360,34580,4060,35400
20200715,6050,23020,37620,22200,26430,25780,62230,129430,57700,31910,8660,106060,32940,4270,37260
20200714,6110,23020,38970,23010,25820,25520,62230,132220,55240,32680,11350,104110,31610,4470,36840
20200713,5820,21930,37120,23420,26720,25360,65410,137160,52610,33250,11350,107900,30120,4260,35100
20200712,5550,21150,35360,24470,28080,25190,67520,142260,50110,32110,11350,113440,28690,4060,33820
20200711,5290,20150,33680,16350,26980,25060,66540,141150,47730,30590,11350,117730,27330,4060,32220
20200708,5290,20080,32840,17250,27980,24710,68880,147100,47010,30850,11350,117730,26180,4060,32390
20200707,5290,19300,31320,21040,29260,24290,71610,150200,45710,31380,11730,117730,25280,3870,33430
20200706,5040,18390,31320,21040,29290,24050,74110,156370,43540,32440,12010,114600,26410,3700,33430
20200705,4800,17520,30760,21040,30540,23890,73550,151250,41470,32120,11490,109150,26600,3530,31840
20200704,4580,16910,29300,21040,30540,23710,71260,144920,41470,33160,11260,107570,27580,3370,30820
20200701,4370,16650,27910,21090,30540,23410,73020,138050,41470,34480,11520,110990,28060,3210,30590
20200630,4170,15860,26590,20100,30540,23210,73430,131480,41470,35860,10980,116190,28060,3060,29140
20200629,3980,15110,25330,19180,29120,23050,71460,126890,39800,35270,10460,115240,26920,2920,27770
20200628,3860,15390,24130,19920,30620,22860,74110,121990,39830,36500,10380,114830,28300,2790,28230
20200627,3690,14860,22990,19590,31590,22690,76870,119490,37940,37210,9980,114830,29640,2660,27330
20200624,3520,14160,21900,18660,31590,22410,79970,118910,36140,35440,9510,114830,29980,2540,26030
20200623,3360,14160,20860,18060,31590,22100,82390,124510,34420,37130,9290,119880,31090,2420,25010
20200622,3200,13490,19870,17200,31030,21610,79130,119800,32790,37800,8980,115320,30910,2420,23820
20200621,3050,12860,19870,16430,29680,21490,77920,122060,31320,39470,8840,113980,31240,2420,22690
20200620,2910,12260,19870,15850,30810,21160,79280,125020,29830,41440,9130,118850,32880,2310,21610
20200616,2780,11690,18930,15100,30810,20910,77260,119700,28410,41700,8710,122760,31320,2200,20590
20200615,2650,11470,18420,14490,29350,20780,77120,114430,27060,39750,8440,118870,29830,2100,20590
20200614,2530,11680,18590,14910,28040,20300,78420,109100,26360,37960,8620,114090,21890,2000,20280
20200613,2410,11850,17840,15610,26710,19820,79380,106280,27130,36800,9030,112140,21891,1910,19600
20200610,2296,11291,16996,15438,25623,19653,80768,102241,25915,35933,9101,106804,21891,1820,18674
20200609,1803,10763,16187,14942,24486,19130,79636,97812,26606,35119,8839,102262,21438,1734,17791
20200608,1803,10589,15480,15486,23512,18865,78602,95342,27913,33833,8434,99900,20514,1698,16993
20200607,1803,10562,14747,15961,22393,18300,77629,91292,28471,35260,8048,95149,20223,1694,16248
20200606,1730,10066,14045,15225,21327,17972,74826,87133,27150,34819,7705,95149,19856,1619,15475
20200602,1653,9626,13480,14504,20312,17913,75125,86811,27403,35988,7509,93850,19856,1590,14739
20200601,1587,9190,12839,13857,19355,17883,73218,87254,23492,37742,7467,93993,19856,1560,14074
20200531,1581,9047,12228,13543,18592,17948,72300,91363,30581,37931,7534,89518,19856,1625,13626
20200530,1519,9087,11730,13487,19332,18132,74116,93614,30581,38612,7510,85256,19061,1698,13526
20200527,1447,8655,11172,12845,18547,18308,73859,97656,30581,36153,7153,81197,18490,1622,12882
20200526,1380,8385,10765,12460,18814,18533,75045,98070,30581,36153,6899,77331,18107,1642,12534
20200523,1449,8811,11234,13110,19804,18637,75296,98165,30581,36523,6995,74058,17445,1728,13134
20200520,1420,9274,11825,13789,20752,18844,76144,98465,29481,36523,7616,70532,17040,1717,13813
20200519,1357,9755,12353,14493,20275,18538,79423,99868,28078,36523,7717,67174,16697,1636,14497
20200518,1293,10165,12587,14953,19310,18171,83372,103368,26741,36523,7352,63976,16531,1559,14747
20200517,1232,10425,12007,14283,18414,17764,85144,99889,25468,34966,7016,60976,16354,1538,14328
20200516,1174,10973,12395,14949,19085,17790,86467,99889,24256,33602,7313,61612,15586,1465,15069
20200513,587,11550,12895,15696,20011,17869,87737,103389,25804,32581,7498,62321,14879,1396,15819
20200512,587,11236,12324,15425,20854,18032,83664,103389,28292,31457,7658,60062,14209,1330,16267
20200511,587,11236,11956,15327,21950,18171,81473,103368,29781,30456,8458,62755,13795,1267,16938
20200510,587,11236,11387,14598,22852,18405,80383,103184,31211,29496,8820,65577,13503,623,16135
20200509,587,10701,10845,13954,21788,18527,76556,98949,30787,30004,8951,66545,13241,623,15367
20200506,587,10198,10329,13290,20771,18296,75046,94422,29405,29488,8550,63760,13080,623,14636
20200505,587,10262,9838,12658,21486,18480,73705,92451,30824,30879,8973,64337,12417,623,14385
20200504,587,10022,9370,12056,21640,18640,75560,93709,31845,31828,8973,66316,11826,623,14133
20200503,587,9545,8507,11482,20665,18337,74937,90674,32363,30777,8973,65104,11263,623,13490
20200502,587,9091,8507,17247,19681,17889,72459,86357,30822,29378,8556,62004,11543,623,12848
20200429,587,8659,8507,17247,18744,17430,69482,82486,29359,28065,8149,59052,11543,623,12237
20200428,587,8247,8102,17247,18469,17176,66480,79075,26707,26729,7771,56240,11543,623,11164
20200427,587,7855,7717,17247,18153,17321,65168,77051,26707,25653,8068,57563,11543,623,11164
20200426,587,7481,7350,17247,17305,17700,62772,77071,26707,24673,8133,59886,11251,623,11164
20200425,587,6799,7000,16517,16515,17453,61347,77071,26707,23499,7883,62481,10987,623,10633
20200422,587,6799,6667,14992,15729,16927,58737,73729,26707,22380,7508,62370,10779,623,10141
20200421,587,6799,6747,14992,15034,16813,59232,71103,26707,22380,7241,61837,10571,623,10052
20200420,587,6480,6707,14992,14336,16544,59655,67774,25624,22380,6919,59431,10299,623,9839
20200419,587,6197,6401,14627,13873,16592,61729,64867,24757,22380,6648,58341,10129,623,9534
20200418,587,5946,6132,13975,13073,16497,63792,61808,23979,22380,6445,58749,9779,623,9172
20200415,587,5663,5984,13317,13073,16154,60755,58865,22844,22380,6139,55952,9402,623,8738
20200414,587,5443,5953,13094,13073,16093,60527,57944,21757,22380,5865,53288,9234,623,8376
20200413,587,5523,6147,12594,12660,16294,60938,56415,21185,22380,5930,52048,9253,623,8400
20200412,587,5522,6159,11995,12058,16461,62876,55160,20177,22380,6136,49623,9204,623,8255
20200411,587,5297,5906,11425,11484,16427,64530,53522,19376,22380,6151,47378,8895,623,7884
20200408,587,5071,5668,10978,10998,16632,64530,54740,18454,22380,6474,48689,8574,623,7750
20200407,587,4841,5491,10586,10623,16667,64530,54335,17598,22380,6276,50196,8453,623,7423
20200406,587,4665,5459,10321,10187,16522,64530,53795,16840,82584,6004,52260,8327,623,7115
20200405,587,4698,5667,10551,10647,16520,64530,53312,17502,82584,5766,51472,8158,623,7276
20200404,587,4665,5632,10571,10629,16220,64530,51251,18117,82584,5492,49021,8029,623,7318
20200330,587,4481,5364,10110,10168,15920,64530,49617,17369,82584,5231,46687,7932,623,7035
20200329,587,4490,5426,10054,10192,16060,61955,48465,18199,79810,5002,45191,7591,623,7098
20200328,587,4413,5425,9986,9956,16047,59075,46406,17920,76010,4773,43111,7232,3103,6878
20200325,587,4453,5373,10053,9533,15775,58118,44467,17089,75265,4546,41186,7176,3103,6857
20200324,587,4411,5277,9931,9152,15549,56658,44420,16289,73203,4331,39460,7030,3103,6752
20200318,11575,4622,5521,10414,8957,15420,55834,44338,15616,72882,4152,37581,6724,3103,7090
20200317,11575,4537,5463,9566,8557,15930,55096,43948,14932,72248,4019,38076,6761,3103,7174
20200316,11575,4535,5667,9566,8868,15962,53846,44120,15480,71205,4210,39518,6937,3103,7189
20200315,11575,4417,5417,9566,8463,16253,62791,43902,16172,68943,4090,41401,7110,2966,6869
20200314,11647,4497,5408,9454,8868,16259,62847,44582,16874,65687,4300,41853,7155,3058,6782
20200311,12137,4718,5616,9825,9744,16291,62922,45470,17012,66824,4500,42630,7303,3179,7343
20200310,11600,4594,5832,9625,9610,16600,63182,45095,17907,66362,4349,44564,7211,3048,7181
20200309,11542,4730,6019,9982,10107,16625,63259,45102,17973,66628,4551,45777,7441,3004,7467
20200307,12068,4977,6314,10506,10365,16664,63442,46709,18073,68231,4766,47386,7521,3149,7835
20200304,12292,4966,6621,10200,10905,16809,63842,46453,18682,67171,5016,45324,7516,3284,7748
20200303,12784,4816,6574,10018,10403,16738,65081,45171,18894,66218,4812,45324,7283,3413,7509
20200302,12385,4678,6459,9820,10028,16469,66640,44180,18111,65839,4583,45324,7056,3326,7261
20200301,11461,4603,6331,9723,9551,15998,68720,42746,17420,65886,4365,45324,7098,3207,7112
20200229,10933,4578,6586,9593,9097,15237,72336,41917,17977,64213,4163,45324,6839,3099,7120
20200226,10821,4774,6932,10006,8886,15021,78677,44073,18914,67290,4361,45324,7182,3238,7457
20200225,11041,4703,6810,9717,8463,14341,78677,44750,17691,66992,4323,45324,7074,3264,7253
20200224,10756,4512,6830,9309,8147,13659,78677,44378,17691,65594,4151,45324,6759,3153,7142
20200223,10892,4461,6889,9081,8275,13163,78677,44782,17691,67522,3958,43298,6511,3161,7052
20200222,10461,4297,6690,8727,8132,12659,78677,42668,16849,65799,3770,41237,6202,3038,6832
20200219,10749,4277,6746,8872,8064,12290,78677,41785,16075,66646,3719,40464,6205,3139,6816
20200218,10631,4288,6661,8952,7710,11996,78677,40073,15431,65212,3534,38538,6032,3137,6802
20200217,10457,4329,6788,9265,7857,11680,75062,40059,15612,67538,3369,36703,6073,3087,6817
20200216,10858,4168,6851,9223,8105,11920,71865,39599,15436,66803,3276,35038,6292,3218,6567
20200215,11142,4006,6585,8850,7862,12071,68933,40563,14746,64086,3156,34075,6262,3195,6320
20200212,11658,3979,6338,8673,8113,12003,65651,40770,15303,63757,3287,34977,6167,3342,6347
20200210,11902,3918,6306,8286,7810,11486,62525,40450,14695,63483,3095,35359,5958,3334,6192
20200209,12407,3925,6597,8324,8164,11751,59548,42275,14209,66707,3228,35286,6230,3496,6235
20200208,12241,3948,6576,8189,8374,11828,56716,42242,13819,70139,3265,34110,6348,3481,6283
20200205,12835,3926,6271,7875,8159,12281,54494,40979,13200,69599,3229,32621,6431,3634,6328
20200204,12417,3972,5997,7951,8454,12731,53065,39626,12572,68091,3301,31950,6381,3639,6395
20200203,12417,4001,5970,8022,8831,13271,50539,40338,11974,65227,3296,33495,6618,3747,6376
20200202,12417,3870,5890,7992,8575,12661,49588,38652,11404,62893,3140,33572,6512,3587,6168
20200201,12030,3853,5990,8058,8255,12158,47227,38264,10361,61795,3031,32119,6385,3259,5902
20200128,11475,3874,5994,7883,8631,12161,44979,36442,10361,59778,3012,26555,6378,3259,6107
20200127,10946,3778,5873,7591,8949,11617,44745,35313,10361,56956,3023,26555,6569,3259,6062
20200126,11001,3765,5950,7503,8652,11148,37476,33868,9868,54784,3138,26555,6769,3176,6068
20200125,10731,3816,6064,7562,8272,10624,36902,33443,9428,55738,3115,26555,6602,3039,6116
20200122,10315,3801,6049,7636,7879,10269,36699,33051,8983,55029,2976,25681,6315,2897,6188
20200121,10129,3791,6041,7666,7504,9963,36234,32575,8581,57162,2481,26162,6044,2796,7673
20200120,10332,3844,6355,7853,7174,10072,36112,32926,8187,59920,2481,24933,5757,2847,7673
20200119,10389,3913,6458,7825,7360,9911,34393,33738,7798,61499,2481,23746,5582,2764,7673
20200118,10385,3950,6423,8023,7301,9986,34132,34320,7427,58676,2481,23317,5371,2675,7673
20200115,9925,3926,6329,7912,6988,9705,33728,33255,7075,55885,2481,22981,5121,2548,7673
20200114,9527,3974,6357,7919,6761,10025,32729,33389,7069,53306,2372,23303,5134,2436,7506
20200113,9080,3976,6331,7959,6446,9998,32443,33538,6965,50791,2402,24283,5345,2320,7378
20200112,8648,3555,6061,7802,6189,9561,31324,31951,6683,48373,2296,23627,5217,2211,7251
20200111,8237,5715,5773,7431,5895,9106,29856,31144,6365,46070,2187,22510,5006,2106,6922
20200108,8076,5715,5660,7286,5780,8928,29271,30534,6243,45167,2175,22069,4916,2065,6787
20200107,8210,5715,5703,7397,5897,8940,29470,31157,6370,46088,2189,22519,4981,2098,6916
20200105,8482,5715,5881,7427,6199,9405,29394,31969,6697,48273,2285,23497,5243,2175,6905
20200104,8729,5524,5788,7376,6525,9883,29394,33237,7049,50039,2403,24654,5518,2287,6759
20200101,9188,5814,6091,7758,6868,10094,29394,34929,7419,52672,2529,25850,5808,2407,7106
20191231,9245,5577,5961,7524,6577,10038,28854,34666,7433,51443,2532,26000,5944,2404,6778
20191230,9368,5511,5928,7566,6264,10288,28277,34510,7730,51113,2640,25688,5648,2494,6791
20191229,9417,5442,5720,7534,5966,10309,28229,34595,7414,50188,2584,25315,5648,2500,6769
20191228,9506,5360,5747,7546,5704,10266,28198,34643,7100,49614,2591,26137,5648,2537,6769
20191225,9426,5284,5690,7539,5476,9844,26947,33537,6768,49776,2481,26053,5521,2507,6655
20191224,9106,5399,5727,7764,5550,9946,26461,32754,6860,49619,2440,25026,5260,2402,6667
20191223,9130,5446,5674,7766,5561,9945,25205,32864,6930,48339,2446,23848,5056,2408,6674
20191222,9020,5363,5626,7493,5425,10160,25065,33047,6902,50777,2458,24648,4884,2322,6595
20191221,9098,5238,5674,7212,5580,10517,24941,33277,6883,49855,2533,25091,4708,2307,6503
20191218,9072,5183,5563,7086,5841,10941,24893,32738,6908,49855,2551,24271,4922,2272,6477
20191217,9364,5091,5408,7071,5745,10509,24840,31364,7021,49855,2510,24505,4688,2311,6425
20191216,9329,5019,5408,7120,5518,10009,24782,31526,6697,46926,2393,24634,4465,2338,6425
20191215,9422,5048,5412,7121,5284,9697,24612,31870,6710,46926,2385,24077,4255,2331,6426
20191214,9539,4937,5456,7101,5299,9951,24507,32034,6668,46926,2398,24735,4061,2319,6312
20191211,9474,4879,5423,7035,5300,9966,24279,31714,6746,46762,2330,25024,3919,2305,6106
20191210,9190,4941,5454,7034,5335,10096,23762,32240,6817,44846,2357,26235,3983,2312,6091
20191209,8958,4906,5442,7011,5474,9821,22711,32060,6881,43439,2394,25953,3983,2271,6094
20191208,8594,4903,5334,6999,5220,9496,22598,33500,6999,42656,2310,25189,3802,2196,6178
20191207,8318,4800,5257,6758,5005,9760,22445,33719,7009,44825,2205,23977,3765,2169,6067
20191204,8299,4601,5190,6720,4858,9896,22311,32923,6753,43240,2155,23977,3772,2166,5786
20191203,8345,4609,5245,6716,4833,9574,22130,32283,6489,41199,2149,23977,3759,2166,5789
20191202,8313,4562,5250,6757,4745,9897,22070,31056,6461,39843,2157,23977,3718,2166,5772
20191201,8359,4484,5217,6719,4597,10206,21083,31346,6594,38157,2089,24620,3680,2180,5558
20191130,8378,4409,5218,6736,4405,9739,20556,30843,6516,36389,2071,24445,3611,2118,5323
20191127,8317,4398,5293,6678,4299,9332,20199,31595,6547,34695,2050,23360,3605,2090,5366
20191126,8315,4379,5254,6615,4432,9075,19823,31822,6599,33115,2095,23963,3646,2097,5258
20191125,8289,4368,5290,6617,4472,8673,19276,31480,6620,31539,2064,23988,3576,2079,5218
20191124,7911,4374,5336,6630,4266,8389,18969,30316,6305,32234,2007,24872,3428,1994,5223
20191123,7862,4383,5404,6649,4176,8421,18238,31369,6020,31206,2021,25110,3399,1984,5231
20191120,7849,4411,5392,6693,4179,8305,17636,30894,5735,31365,2021,23484,3335,1991,5272
20191119,7925,4440,5448,6719,4179,8198,18073,29423,5493,32189,1937,23484,3319,1990,5266
20191118,7755,4442,5451,6715,4127,8093,18189,28046,5348,32735,1856,23484,3250,1956,5284
20191117,7556,4452,5452,6771,4327,8067,18365,27738,5356,32770,1900,22707,3377,1939,5286
20191116,7946,4475,5517,6733,4450,8485,19244,27917,5560,34493,1999,23902,3550,2040,5249
20191113,8309,4482,5388,6789,4662,8777,19277,27316,5694,35400,2073,24291,3706,2128,5258
20191112,8356,4487,5426,6768,4590,8807,18486,27322,5714,34874,2085,24291,3530,2136,5305
20191111,8273,4499,5387,6804,4404,9071,19985,27487,5573,33293,2125,24291,3362,2165,5292
20191110,7927,4498,5393,6789,4350,9535,20003,26885,5544,31796,2025,24897,3232,2126,5309
20191109,8094,4532,5399,6866,4267,9417,20080,26922,5657,31628,1932,25277,3260,2181,5323
20191105,7747,4512,5442,6883,4228,8969,20131,27173,5487,31294,1958,26022,3270,2080,5313
20191104,7591,4521,5465,6902,4333,8542,20159,27811,5374,30594,2009,24032,3334,2056,5306
20191103,7574,4554,5543,6938,4515,8136,20268,28068,5602,31265,2104,23017,3439,2034,5331
20191102,7236,4568,5575,6892,4488,8005,20288,27749,5639,30917,2107,22018,3383,1949,5358
20191030,7421,4612,5608,6903,4354,7674,20368,27911,5754,30733,2133,22970,3502,2003,5390
20191028,7183,4573,5579,6898,4167,7632,20471,27046,5565,29896,2043,21888,3366,1945,5383
20191026,6925,4576,5578,6908,3981,7321,20814,26200,5328,30890,2043,20861,3222,1855,5376
20191023,6984,4573,5636,6964,4147,7471,20876,25238,5547,30762,2150,19893,3082,1874,5367
20191022,6768,4644,5719,6996,4343,7306,20906,25204,5827,31803,2257,20584,3116,1915,5417
20191021,6457,4566,5680,6876,4192,7318,20906,24256,5827,31696,2363,21283,2996,1835,5343
20191020,6298,4458,5623,6782,4309,7703,20906,24932,5827,31290,2437,21906,3134,1794,5207
20191016,6596,4524,5704,6996,4486,8003,19999,26018,6074,29855,2438,22151,3227,1880,5334
20191015,6581,4477,5525,6857,4708,8347,19995,26684,6164,28595,2453,23316,3390,1903,5308
20191014,6840,4595,5734,7072,4888,8666,19978,27279,6411,28950,2464,23829,3560,1965,5412
20191013,7175,4637,5187,7182,5133,8790,19965,27507,6725,29289,2509,25083,3740,2057,5409
20191012,7388,4582,13228,7098,5322,9124,19945,26253,6781,30522,2601,26267,3704,2045,5209
20191009,7314,4408,13228,6813,5413,9187,18996,25293,6646,29232,2491,27242,3671,2016,4996
20191008,7659,4384,13228,6704,5695,9670,18994,25539,6818,29202,2620,27242,3864,2104,4937
20191007,7913,4470,13228,6792,5750,10146,18983,26641,6979,30524,2697,28046,4056,2197,4998
20191006,7846,4453,12881,6781,5517,10646,18940,26209,7018,30736,2593,28046,4099,2191,4997
20191005,8095,4558,13131,6886,5354,10911,18873,27255,7368,31533,2675,28046,4229,2270,5175
20191002,7989,4585,13168,6926,5122,11050,17975,27041,7532,30054,2559,28046,4111,2193,5212
20191001,7704,4647,13580,6926,5372,11050,17975,26428,7832,29213,2531,26873,4214,2174,5258
20190930,7391,4732,13796,6936,5572,10842,17975,26578,7635,29270,2464,26728,4345,2102,5420
20190929,7109,4692,13698,6924,5526,10385,17956,26902,7272,28375,2354,25456,4481,2030,5388
20190928,7312,4723,13777,7133,5295,9900,17947,27216,7062,29492,2251,24247,4291,1990,5484
20190925,7156,4514,13924,6964,5059,9435,17946,27039,6730,28088,2154,23093,4087,1904,5427
20190924,7197,4510,13882,6915,4864,9263,17635,27079,6487,27029,2150,21994,3910,1833,5447
20190923,7010,4523,13552,7067,4678,8876,17623,26709,6434,25859,2128,20947,3995,1749,5443
20190922,6956,4369,13031,6942,4456,8454,17612,26370,6217,25131,2088,19950,3832,1753,5194
20190921,6887,4303,13091,6893,4244,8054,17609,26503,6187,23935,2025,19018,3670,1733,4996
20190918,6700,4291,13098,6627,4073,7672,17548,26286,6020,22892,1995,18220,3609,1720,4870
20190917,6945,4402,13633,6683,4252,7359,16713,26807,6184,23314,2074,19020,3796,1800,4953
20190916,7138,4499,13896,6823,4357,7140,16670,27107,6385,23147,2052,19445,3955,1864,5016
20190915,7155,4484,13654,6913,4241,7140,16668,26735,6522,22048,2057,19166,4021,1887,5004
20190914,6877,4509,13611,7132,4361,7140,16668,27757,6650,21070,2138,18626,4084,1883,5101
20190911,6550,4427,13872,7073,4173,6800,16663,28872,6424,20216,2172,19376,3892,1799,4952
20190908,6307,4428,13819,7094,3995,6531,16649,28773,6338,20464,2056,20359,3722,1732,4856
20190907,6029,4481,13605,7062,3905,6220,16648,27698,6448,20925,1962,20488,3761,1700,4809
20190904,5969,4489,13261,6909,3880,5924,16644,26801,6499,20657,1872,19526,3733,1689,4659
20190903,5978,4380,13138,6918,3828,5706,16640,26464,6288,20336,1785,18671,3631,1709,4593
20190902,5937,4221,13139,6966,3841,5472,16607,26080,6070,20573,1846,19590,3467,1698,4561
20190901,6104,4339,13057,7059,3992,5678,16353,26352,6176,21320,1922,20394,3490,1639,4659
20190831,5870,4268,12622,7050,4056,5636,13078,34803,6271,20752,1916,21430,3626,1573,4530
20190828,5926,4082,12303,6980,3998,5502,13046,34803,6172,20965,1892,20230,3630,1560,4327
20190827,5971,4040,12298,7006,4077,5523,13037,34803,6391,20575,1955,19341,3628,1601,4261
20190826,6070,3976,12181,6800,4099,5412,12970,34803,6499,20818,2004,21358,3488,1586,4208
20190825,5922,3869,12102,6672,4024,5158,12950,34205,6425,20079,1912,21358,3323,1569,4105
20190824,6172,3870,12208,6694,4042,4998,12926,32681,6698,20622,1981,21358,3220,1626,4119
20190821,5969,3901,11722,6686,3870,4772,12855,31125,6472,19837,1818,21358,3072,1600,4156
20190819,5833,3895,11570,6746,3710,4551,12831,29643,6258,19179,1750,21358,2937,1586,4154
20190818,5663,3902,11150,6783,3703,4603,12765,28336,6087,19007,1671,22466,3042,1585,4140
20190817,5636,3931,10621,6826,3755,4721,12709,28042,6070,19285,1622,23632,3023,1599,4177
20190814,5385,3975,10694,6875,3632,4618,12640,29010,6177,19104,1587,22279,2888,1545,4237
20190813,5253,3865,10466,6681,3646,4560,12039,29506,6100,19143,1512,21231,2917,1524,4138
20190811,5326,3829,10424,6614,3733,4520,12039,29307,5820,19516,1446,20242,2896,1505,4154
20190810,5306,3826,10475,6763,3623,4560,12039,29007,5746,19181,1446,19453,2868,1517,4137
20190807,5270,3876,10547,6806,3483,4680,12039,28871,5511,18515,1446,17797,2787,1521,4184
20190806,5263,3879,10844,6867,3545,4846,12039,27506,5438,18443,1441,17797,2772,1520,4161
20190805,5411,3938,11157,7001,3625,5026,12039,26450,5552,18493,1444,16950,2852,1571,4213
20190804,5335,3952,11201,7016,3626,4806,12039,26052,5356,18785,1425,16478,2864,1548,4314
20190803,5139,3966,11255,7063,3627,4615,12039,26351,5225,18972,1443,16017,2929,1503,4360
20190731,5055,4009,11301,7250,3582,4439,12039,26948,5176,18173,1444,15889,2811,1494,4513
20190730,5064,4034,11132,7265,3412,4228,12039,27494,5224,19018,1393,16554,2795,1495,4506
20190729,5054,4054,11250,7259,3304,4131,12039,26609,5203,19960,1367,17425,2783,1490,4525
20190728,5074,4054,11359,7378,3400,4076,12039,26526,5252,21001,1371,18060,2796,1526,4510
20190727,5045,4017,11447,7499,3400,3907,12039,26176,5266,21516,1394,18513,2705,1498,4494
20190724,5188,4101,11483,7499,3480,3891,12155,26903,5342,21067,1402,18513,2608,1534,4596
20190723,5009,4090,11413,7499,3509,4073,12555,27579,5300,20332,1396,18513,2590,1565,4509
20190722,5234,4147,11611,7604,3509,4274,12279,27644,5389,21303,1406,18513,2714,1565,4436
20190721,5234,4297,11180,7493,3509,4274,12279,26797,5393,22385,1407,18513,2771,1565,4225
20190720,5234,4297,10915,7265,3509,4274,12279,26176,5368,23491,1400,18513,2676,1565,4154
20190717,5244,4297,11715,7460,3626,4274,12279,27020,5495,23395,1403,18513,2632,1526,4269
20190716,5187,4311,11715,7540,3731,4274,11818,27641,5619,22405,1466,18513,2634,1535,4419
20190715,5447,4425,11715,7540,3914,4484,11400,29066,5875,22369,1500,18513,2749,1607,4419
20190714,5645,4419,11722,7456,4062,4537,10936,30457,5622,21304,1512,18513,2834,1682,4419
20190713,5767,4428,11479,7300,4230,4535,10837,30209,5372,20290,1512,18513,2903,1726,4419
20190710,5506,4461,11263,7189,4292,4519,10813,28776,5263,19324,1572,18513,2847,1662,4473
20190709,5366,4472,11329,7132,4151,4619,10790,27843,5247,18404,1591,18513,2876,1613,4471
20190708,5422,4504,11511,7182,4342,4654,10699,27969,5262,17552,1533,18513,3020,1664,4481
20190707,5289,4424,11559,5242,4301,4528,10669,28207,5272,17344,1479,18513,3000,1668,4499
20190706,5215,4408,11135,6656,4484,4511,10664,28037,5349,17370,1425,18513,3000,1722,4475
20190703,5464,4499,11395,7736,4701,4700,7933,28950,5484,17206,1418,18513,3000,1802,4520
20190702,5474,4583,11409,7833,4671,4802,7933,28028,5288,17204,1416,18513,3093,1789,4623
20190701,5500,4640,11472,7833,4507,4666,7933,28028,5283,17180,1415,18513,3069,1782,4688
20190630,5599,4772,11580,7833,4729,4484,12555,27391,5284,17413,1392,17633,3195,1779,4716
20190626,5826,4835,11684,7833,4611,4605,12555,26141,5112,17219,1403,16008,3044,1853,4719
20190625,5684,4698,11372,7833,4392,4503,12555,24897,5057,17170,1427,16008,2906,1859,4599
20190624,5518,4499,11297,7647,4223,4628,12555,23712,5171,17191,1405,16791,2934,1850,4426
20190623,5256,4388,11071,7344,4065,4671,12555,22892,5139,17107,1365,15364,2871,1766,4259
20190622,5032,4365,10890,7235,3872,4545,12513,21864,4946,17992,1311,15364,2737,1708,4214
20190619,5263,4351,10674,7250,3861,4784,12460,21933,5020,18560,1373,14633,2828,1671,4190
20190618,5319,4399,10743,7261,3927,5035,12331,22433,5245,18713,1393,13937,2955,1595,4088
20190617,5273,4349,10977,7248,3854,5299,12330,22256,5345,18935,1417,13274,2913,1533,4105
20190616,5500,4375,10896,7220,3684,5577,12238,21382,5392,19915,1485,12642,2935,1594,4099
20190615,5504,4336,10462,7128,3512,5607,12232,20383,5367,19915,1541,12167,3033,1584,4079
20190612,5417,4382,10535,7082,3496,5341,10974,19413,5411,19915,1616,11588,3173,1637,4128
20190611,5187,4382,10431,7092,3603,5087,10938,18489,5304,20741,1601,11037,3025,1663,4057
20190610,5044,4417,10477,7121,3651,5041,10857,17609,5326,21052,1549,10512,2936,1680,4055
20190609,4923,4444,10505,7127,3673,4866,10810,19609,5325,20107,1488,10012,2799,1705,4051
20190608,4696,4378,10452,7078,3505,4635,10794,19609,5074,19312,1427,9736,2666,1625,4039
20190603,4770,4385,10523,7065,3361,4415,10568,19609,4890,18394,1416,9736,2546,1607,4067
20190602,4685,4385,10418,7038,3442,4205,10277,18680,4888,19237,1399,9736,2190,1534,4043
20190601,4657,4390,10420,7082,3486,4005,10262,17888,4817,19239,1362,9736,2249,1475,4033
20190529,4603,4500,10420,7209,3659,3821,10246,17990,4972,19568,1393,9736,2449,1416,4206
20190528,4392,4499,10397,7255,3778,3800,10202,17977,5072,19140,1428,9736,2290,1349,4197
20190526,4317,4288,10085,6958,3599,3743,9834,17693,5009,18578,1400,9736,2290,1293,3999
20190525,4258,4251,10019,6844,3439,3813,9595,17501,4905,18973,1335,9300,2290,1255,3917
20190522,4391,4273,10307,6818,3491,3956,9139,16682,4927,18973,1327,8858,2290,1252,3953
20190521,4283,4295,10429,6767,3350,3869,8971,17392,4972,18973,1324,8437,2290,1266,3999
20190520,4116,4187,10377,6630,3373,3869,8963,17322,4953,18973,1298,8036,2283,1237,3913
20190519,4320,4162,10650,6768,3547,3869,8841,17522,5071,18664,1362,7654,2347,1298,3920
20190518,4494,4187,10500,6796,3535,3757,8692,17840,5136,18491,1361,7290,2391,1358,3941
20190515,4291,4245,10411,6735,3367,3719,8543,17978,4898,18082,1225,6943,2366,1359,4002
20190514,4244,4292,10458,6855,3250,3680,8631,18193,4942,17305,1225,6617,2432,1387,4048
20190513,4058,4233,9991,6833,3347,3562,8538,17576,4723,16560,1225,6308,2396,1329,4056
20190512,4159,4126,9577,6818,3523,3535,8551,16811,4573,16322,1225,6104,2410,1333,3957
20190511,4340,4212,9893,6920,3532,3665,8651,17304,4772,16982,1267,6306,2512,1397,4007
20190508,4456,4336,10291,7131,3655,3625,8780,16726,4895,17384,1225,6142,2460,1430,4128
20190507,4680,4216,10140,6955,3839,3699,8505,16245,5061,17396,1233,6142,2406,1491,4006
20190506,4916,4295,10661,7040,4032,3844,8637,17085,5315,17812,1275,6432,2529,1548,4123
20190505,5042,4499,11194,7320,4136,3998,8788,17805,5497,17982,1336,6624,2635,1551,4324
20190504,4873,4487,11491,7455,4001,4057,8908,18080,5690,18140,1364,6941,2643,1481,4307
20190501,4660,4391,11396,7426,3812,3971,8838,18363,5700,17926,1307,6620,2518,1415,4284
20190430,4516,4350,11211,7429,3791,4036,8587,18533,5452,17789,1285,6309,2428,1357,4212
20190429,4389,4279,11326,7466,3791,4019,8855,17766,5432,17268,1317,6259,2332,1301,4167
20190428,4209,4107,10804,7235,3791,3876,5688,16971,5174,16594,1304,5961,2306,1272,4048
20190427,4337,3991,10303,7047,3713,3692,5683,16902,4954,16594,1317,5678,2391,1289,3954
20190424,4277,3992,10257,6926,3549,3541,5666,16761,4912,16606,1307,5208,2418,1268,3958
20190423,4233,3974,10205,6810,3517,3407,5662,16893,5017,16536,1280,5208,2373,1253,3960
20190422,4173,3983,10365,6898,3503,3408,5662,17045,5135,16933,1296,5208,2469,1278,3982
20190420,3995,4003,10277,7040,3345,3537,5652,17103,4901,17782,1324,4964,2490,1260,4013
20190417,3805,3978,10100,6982,3186,2937,5645,16405,4682,17779,1264,4728,2373,1200,4012
20190416,3810,4021,10224,6804,3055,2937,5641,16215,4737,18144,1223,3629,2374,1206,4072
20190415,3866,4052,10463,6490,2916,2936,5641,16488,4836,17406,1234,3629,2459,1230,4170
20190414,3827,3921,10035,6052,2782,2928,5639,16318,4795,16881,1240,3629,2397,1205,4095
20190413,3734,3936,9928,7736,2876,2927,5621,16351,4837,16104,1270,3629,2522,1208,4133
20190410,3880,3930,10041,7736,2785,2927,5546,16813,4656,15338,1303,3629,2618,1225,4180
20190409,3805,3756,10035,7736,2653,2919,5522,16969,4499,14939,1249,3629,2496,1209,4012
20190408,3861,3705,9899,7736,2527,2915,5521,16939,4634,14483,1215,3629,2378,1249,3951
20190407,3796,3729,9539,7799,2295,2912,5518,16880,4742,14145,1255,3629,2265,1279,3868
20190406,3623,3654,9542,7834,2295,2912,5497,16942,4715,14398,1215,3629,2158,1229,3853
20190331,3478,3675,9330,7902,2295,2911,5497,16321,4771,14634,1172,3629,2056,1206,3894
20190330,3334,3686,9410,7971,2186,2911,5497,16682,4823,14190,1166,3629,1959,1194,3942
20190327,3227,3557,9240,7878,2083,2911,5496,16115,4754,13636,1113,3629,1901,1185,3834
20190326,3108,3497,9194,7821,1987,2909,5491,16592,4802,13594,1099,3629,1811,1175,3789
20190325,2960,3506,9199,8021,1894,2905,5485,16527,4789,13411,1090,3629,1811,1125,3815
20190319,2884,3515,9242,7973,1818,2899,5485,15749,4574,12280,1117,3629,1725,1094,3861
20190318,2839,3478,9230,7694,1737,2899,5457,15037,4359,12280,1092,3629,2449,1093,3783
20190317,2815,3429,9035,7489,1753,2893,5452,14761,4339,13908,1105,3629,2449,1086,3624
20190316,2707,3466,9034,7495,1769,2884,5451,14925,4352,13908,1095,3629,2449,1066,3622
20190313,2694,3471,8646,7501,1695,2881,5450,15006,4357,13908,1049,3629,2449,1061,3655
20190312,2662,3405,8493,7497,1618,2873,5450,14439,4239,13908,1057,3629,2342,1059,3631
20190311,2674,3352,8477,7505,1543,2842,5443,14612,4236,13246,1065,3629,2347,1064,3567
20190310,2717,3206,8113,7294,1503,2807,5429,14694,4216,12811,1067,3629,2310,1079,3426
20190309,2708,3145,8013,7195,1484,2946,5417,14362,4223,12201,1059,3629,2255,1077,3308
20190306,2680,3150,8078,7203,1501,3073,5386,14409,4220,11933,1078,3629,2275,1072,3333
20190305,2662,3144,8031,7148,1525,3224,5310,14834,4230,11371,1084,3629,2309,1069,3304
20190304,2708,3167,8124,7262,1530,3273,5246,14850,4248,10830,1073,3629,2336,1102,3391
20190303,2693,3165,8118,7289,1528,2570,5203,14745,4246,10345,1098,3629,2330,1105,3331
20190302,2690,3188,8103,7276,1535,2544,5203,14915,4203,10187,1107,3629,2357,1112,3274
20190227,2717,3255,8229,7382,1536,2521,5174,14951,4307,10012,1064,3629,2376,1132,3318
20190226,2722,3275,8155,7357,1519,2493,5164,14582,4335,9678,1034,3629,2320,1127,3339
20190225,2815,3322,8465,7452,1532,2492,5164,14822,4359,9861,989,3629,2320,1161,3394
20190224,2855,3245,8613,7323,1539,2423,5166,15390,4362,9823,986,3629,2334,1147,3325
20190223,2818,3196,8633,7064,1517,2308,5184,15509,4196,9741,988,3629,2319,1115,3241
20190220,2694,3046,8245,6739,1570,2292,5191,15691,4114,9749,987,3629,2304,1080,3090
20190219,2769,2820,8121,6621,1578,2284,5191,15741,4090,9666,982,3629,2316,1095,2955
20190218,2706,4888,8139,6596,1555,2271,5196,16553,4072,9666,1014,3629,2330,1079,2828
20190217,2674,4888,8178,6592,1550,2269,5196,16587,4121,9787,1023,3629,2352,1055,2759
20190216,2760,4888,8072,6597,1612,2254,5201,16251,4142,9788,1071,3629,2468,1074,2784
20190213,2726,4888,7908,6690,1684,2213,5207,16636,4123,10068,1081,3629,2588,1050,2787
20190212,2764,4888,7999,6615,1706,2196,5212,16764,4106,10229,1063,3629,2657,1063,2809
20190210,2835,4906,8051,6542,1645,2163,5214,16924,4110,10648,1067,3629,2555,1095,2829
20190206,2763,4924,8108,6529,1643,2110,5244,17277,4138,10650,1063,3629,2485,1087,2838
20190205,2716,4921,8142,6492,1636,2103,5266,17322,4145,10688,1026,3629,2433,1078,2798
20190204,2772,4838,8158,6508,1718,2105,5288,16871,4129,10714,1048,3629,2554,1092,2679
20190203,2761,4786,8157,6492,1729,2105,5289,16762,4070,10722,1098,3629,2591,1074,2657
20190202,2886,4863,8279,6603,1812,2105,5281,16840,4243,10830,1113,3629,2676,1098,2688
20190130,2941,4891,8285,6576,1813,2105,5283,17119,4296,10844,1104,3629,2740,1137,2697
20190129,2824,4794,8278,6610,1732,2099,5256,17552,4293,10916,1053,3629,2618,1150,2693
20190128,2824,4765,8246,6594,1707,2108,5259,17922,4279,10916,1010,3629,2607,1150,2661
20190127,2706,4800,8023,6648,1644,2111,5260,17487,4288,10537,1009,3629,2574,1139,2714
20190126,2586,4930,8187,6753,1645,2102,5259,16768,4335,10510,964,3629,2490,1132,2750
20190123,2690,4982,8475,6702,1685,2126,5259,16494,4327,10068,929,3629,2559,1181,2718
20190122,2653,4986,8534,6693,1608,2136,5260,16441,4285,10084,887,3629,2468,1167,2739
20190121,2565,4969,8549,6640,1539,2140,5262,16531,4135,10035,890,3629,2352,1180,2743
20190120,2700,5033,8904,6660,1562,2149,5277,16948,4322,9767,935,3629,2474,1242,2779
20190119,2783,5105,8596,6703,1568,2150,5281,16795,4399,9718,935,3667,2416,1274,2803
20190116,2828,5104,8288,6673,1539,2151,5289,17098,4385,9732,935,3600,2336,1282,2762
20190115,2928,5108,8223,6690,1566,2126,5330,16848,4394,9774,935,3657,2261,1333,2789
20190114,2922,5031,7890,6697,1568,2050,5350,16227,4409,9790,943,3631,2198,1378,2801
20190113,3090,4977,7867,6780,1571,2051,5368,16252,4446,9796,907,3653,2165,1436,2792
20190112,3090,4938,8060,6775,1562,2052,5258,16418,4375,9772,892,3665,2198,1356,2827
20190109,3090,4945,8082,6716,1541,2051,5261,16951,4175,10058,886,3653,2213,1342,2835
20190108,3078,4896,7874,6639,1534,2049,5265,17163,4094,10061,893,3675,2261,1353,2805
20190107,2994,4802,7561,6601,1533,2095,5275,16634,4125,10301,893,3805,2232,1393,2727
20190106,2891,4705,7266,6639,1536,2101,5287,15931,4128,10832,899,3936,2175,1387,2692
20190105,2875,4704,7310,6615,1531,2101,5323,16102,4111,11240,904,3806,2202,1425,2741
20190102,2754,4751,7064,6642,1517,2124,5323,16139,4122,11680,907,3806,2295,1425,2803
20190101,2643,4812,7296,6647,1524,2124,5359,16356,4116,11681,914,3806,2410,1398,2860
20181231,2689,4889,7353,6707,1533,2126,5367,15674,4157,11684,909,3674,2351,1411,2890
20181230,2626,4929,7328,6716,1478,2025,5400,14981,4178,11730,909,3599,2297,1352,2900
20181229,2623,4877,7305,6739,1493,1979,5485,14308,4179,11731,908,3682,2280,1339,2940
20181226,2649,4805,6973,6630,1470,1966,5500,14982,4135,11778,896,3684,2291,1326,2899
20181225,2550,4742,6717,6672,1428,1975,5516,14321,4219,11877,904,3729,2268,1272,2901
20181224,2596,4806,6901,6742,1373,1977,5521,14076,4213,11964,934,3738,2298,1291,2960
20181223,2567,4747,6758,6695,1331,1979,5544,13406,4089,11737,955,3781,2329,1291,2880
20181222,2509,4554,6476,6486,1271,1980,5550,12772,4072,11889,955,3852,2384,1259,3744
20181219,2491,4545,6787,6594,1297,1980,5550,12259,4116,11434,955,3898,2371,1240,3744
20181218,2546,4746,7125,6875,1312,2027,5557,12311,4173,10958,963,3837,2459,1255,3744
20181217,2664,4763,7284,6837,1319,2073,5559,11943,4127,10467,965,3742,2449,1297,3744
20181216,2558,4914,7344,7006,1323,2094,5566,11432,4225,10020,948,3634,2453,1243,3855
20181215,2634,5026,7505,7345,1345,2108,5560,11150,4404,10527,955,3767,2451,1285,3902
20181212,2739,5054,7496,7316,1350,2114,5568,11003,4458,10527,965,3819,2514,1325,3905
20181211,2747,5143,7554,7365,1336,2116,5568,11056,4508,10527,1002,3715,2403,1325,3939
20181210,2754,5150,7715,7321,1285,2117,5570,11012,4537,10418,994,3749,2409,1315,3972
20181209,2836,5152,7763,7284,1283,2146,5590,11143,4500,9971,966,3941,2409,1342,4016
20181208,2751,5213,7895,7297,1343,2160,5605,11358,4538,9578,968,3945,2479,1311,4024
20181205,2620,5270,7778,7314,1343,2157,5620,11253,4439,9381,939,3768,2399,1249,4028
20181204,2497,5255,7665,7168,1332,2161,5629,11073,4315,9095,917,3612,2381,1192,4009
20181203,2486,5285,7558,7118,1330,2162,5633,11451,4307,8823,895,3573,2422,1198,4023
20181202,2501,5084,7199,6972,1331,2176,5677,11125,4275,8603,890,3435,2538,1206,3832
20181201,2401,4875,6880,6729,1327,2176,5704,10926,4153,8277,878,3503,2667,1167,3685
20181128,2510,5045,7161,6904,1395,2226,5708,11493,4274,8691,908,3580,2676,1220,3760
20181127,2611,5241,7382,7206,1406,2214,5715,11279,4413,8690,923,3742,2753,1276,3789
20181126,2653,5195,7231,7203,1408,2238,5716,11165,4267,8620,934,3639,2622,1280,3745
20181124,2760,5254,7605,7548,1419,2247,5722,11743,4487,8620,947,3746,2506,1323,3807
20181121,2639,5487,8005,7895,1376,2281,5723,11849,4697,8643,970,3746,2516,1264,3994
20181120,2529,5531,8321,8065,1358,2256,5731,12140,4721,9000,967,3746,2508,1216,4013
20181119,2636,5511,8209,8001,1364,2186,5736,12708,4574,9000,944,3746,2552,1269,3998
20181118,2640,5434,7839,7887,1360,2193,5800,12853,4518,8731,1016,3800,2607,1281,3914
20181117,2762,5651,8155,8118,1404,2298,5817,12936,4618,8731,1016,3992,2736,1334,4045
20181114,2802,5803,8396,8368,1461,2307,5851,12892,4730,8759,1016,4142,2774,1323,4110
20181113,2871,5818,8762,8387,1465,2331,5866,13373,4764,8762,1030,4236,2819,1331,4144
20181112,2869,5756,8656,8361,1484,2325,5864,12773,4781,8800,991,4049,3285,1311,4126
20181111,2754,5707,8554,8297,1477,2325,5943,12304,4710,8824,953,3878,3288,1261,4073
20181110,2792,5825,8848,8332,1490,2446,5952,11958,4908,8824,952,4076,3288,1267,4210
20181106,2700,5882,9061,8363,1492,2438,5952,11746,4907,8837,949,3882,3293,1219,4276
20181105,2663,5886,9003,8308,1502,2334,5951,11539,4823,8856,947,3700,3302,1187,4245
20181104,2547,5878,8987,8233,1501,2300,5958,11235,4777,8750,968,3527,3345,1135,4248
20181103,2611,5895,9039,8133,1511,2194,5959,10943,4823,9042,1018,3394,3346,1170,4265
20181031,2656,5991,9133,8032,1475,2175,5960,11294,4724,9047,1039,3315,3351,1183,4214
20181029,2549,5999,9495,7975,1411,2169,5958,10956,4814,9047,1011,3282,3355,1133,4308
20181028,2451,5956,9467,7878,1344,2119,5948,10610,4639,9454,966,3173,3393,1080,4302
20181027,2418,5959,9606,7791,1388,2059,5959,10869,4614,9466,969,3065,3453,1045,4286
20181024,2526,5989,10002,7780,1460,2162,5953,11119,4641,9476,996,3224,3454,1036,4364
20181023,2587,6082,10845,7952,1530,2193,5990,11512,4859,9476,1045,3391,3454,1090,4472
20181022,2685,6219,10845,8269,1592,2250,5991,11934,4995,9478,1062,3568,3454,1144,4579
